date,hour,area,smp,jeju_load_mw,land_load_mw
20260213,1,육지,115.05,825.0,63598.0
20260213,1,제주,124.18,825.0,63598.0
20260213,2,육지,108.99,789.0,61134.0
20260213,2,제주,108.99,789.0,61134.0
20260213,3,육지,91.9,761.0,59720.0
20260213,3,제주,91.9,761.0,59720.0
20260213,4,육지,91.9,748.0,59252.0
20260213,4,제주,91.9,748.0,59252.0
20260213,5,육지,91.9,742.0,59739.0
20260213,5,제주,91.9,742.0,59739.0
20260213,6,육지,113.54,752.0,61363.0
20260213,6,제주,130.22,752.0,61363.0
20260213,7,육지,115.14,794.0,65071.0
20260213,7,제주,130.22,794.0,65071.0
20260213,8,육지,119.46,861.0,70285.0
20260213,8,제주,131.17,861.0,70285.0
20260213,9,육지,119.56,882.0,74674.0
20260213,9,제주,131.05,882.0,74674.0
20260213,10,육지,118.64,834.0,72416.0
20260213,10,제주,124.05,834.0,72416.0
20260213,11,육지,113.8,780.0,68259.0
20260213,11,제주,123.85,780.0,68259.0
20260213,12,육지,105.88,734.0,64161.0
20260213,12,제주,105.88,734.0,64161.0
20260213,13,육지,109.6,693.0,59052.0
20260213,13,제주,109.6,693.0,59052.0
20260213,14,육지,102.28,699.0,60400.0
20260213,14,제주,102.28,699.0,60400.0
20260213,15,육지,109.6,718.0,61710.0
20260213,15,제주,109.6,718.0,61710.0
20260213,16,육지,114.68,760.0,63638.0
20260213,16,제주,114.68,760.0,63638.0
20260214,1,육지,110.41,780.0,61239.0
20260214,1,제주,127.18,780.0,61239.0
20260214,2,육지,111.86,744.0,58679.0
20260214,2,제주,127.18,744.0,58679.0
20260214,3,육지,98.38,712.0,57173.0
20260214,3,제주,98.38,712.0,57173.0
20260214,4,육지,92.78,684.0,56431.0
20260214,4,제주,92.78,684.0,56431.0
20260214,5,육지,86.85,696.0,56419.0
20260214,5,제주,86.85,696.0,56419.0
20260214,6,육지,98.38,712.0,57269.0
20260214,6,제주,98.38,712.0,57269.0
20260214,7,육지,98.38,749.0,58482.0
20260214,7,제주,98.38,749.0,58482.0
20260214,8,육지,98.38,787.0,59495.0
20260214,8,제주,98.38,787.0,59495.0
20260214,9,육지,108.69,844.0,59264.0
20260214,9,제주,134.32,844.0,59264.0
20260214,10,육지,130.48,850.0,56308.0
20260214,10,제주,138.74,850.0,56308.0
20260214,11,육지,124.17,798.0,53803.0
20260214,11,제주,134.32,798.0,53803.0
20260214,12,육지,100.8,743.0,50875.0
20260214,12,제주,132.01,743.0,50875.0
20260214,13,육지,98.67,699.0,48286.0
20260214,13,제주,98.67,699.0,48286.0
20260214,14,육지,98.67,716.0,48774.0
20260214,14,제주,98.67,716.0,48774.0
20260214,15,육지,100.51,715.0,50205.0
20260214,15,제주,126.51,715.0,50205.0
20260214,16,육지,97.99,725.0,53029.0
20260214,16,제주,97.99,725.0,53029.0
20260214,17,육지,81.83,795.0,56678.0
20260214,17,제주,81.83,795.0,56678.0
20260214,18,육지,97.6,857.0,59217.0
20260214,18,제주,97.6,857.0,59217.0
20260214,19,육지,97.95,898.0,61217.0
20260214,19,제주,97.95,898.0,61217.0
20260214,20,육지,97.95,907.0,61016.0
20260214,20,제주,97.95,907.0,61016.0
20260214,21,육지,97.95,893.0,60069.0
20260214,21,제주,97.95,893.0,60069.0
20260214,22,육지,97.95,866.0,58749.0
20260214,22,제주,97.95,866.0,58749.0
20260214,23,육지,97.95,841.0,59063.0
20260214,23,제주,97.95,841.0,59063.0
20260214,24,육지,97.95,817.0,59375.0
20260214,24,제주,97.95,817.0,59375.0
20260215,1,육지,98.41,832.0,56476.0
20260215,1,제주,98.41,832.0,56476.0
20260215,2,육지,81.2,793.0,54111.0
20260215,2,제주,81.2,793.0,54111.0
20260215,3,육지,79.94,763.0,52795.0
20260215,3,제주,79.94,763.0,52795.0
20260215,4,육지,79.04,749.0,52136.0
20260215,4,제주,79.04,749.0,52136.0
20260215,5,육지,79.94,742.0,52143.0
20260215,5,제주,79.94,742.0,52143.0
20260215,6,육지,80.76,753.0,52709.0
20260215,6,제주,80.76,753.0,52709.0
20260215,7,육지,97.61,799.0,53720.0
20260215,7,제주,97.61,799.0,53720.0
20260215,8,육지,98.41,809.0,54287.0
20260215,8,제주,98.41,809.0,54287.0
20260215,9,육지,79.94,791.0,53344.0
20260215,9,제주,79.94,791.0,53344.0
20260215,10,육지,98.15,753.0,49920.0
20260215,10,제주,98.15,753.0,49920.0
20260215,11,육지,107.08,719.0,47839.0
20260215,11,제주,107.08,719.0,47839.0
20260215,12,육지,98.15,695.0,45363.0
20260215,12,제주,98.15,695.0,45363.0
20260215,13,육지,97.89,702.0,43913.0
20260215,13,제주,97.89,702.0,43913.0
20260215,14,육지,97.89,701.0,44203.0
20260215,14,제주,97.89,701.0,44203.0
20260215,15,육지,97.89,707.0,45831.0
20260215,15,제주,97.89,707.0,45831.0
20260215,16,육지,74.76,718.0,49474.0
20260215,16,제주,74.76,718.0,49474.0
20260215,17,육지,90.47,745.0,53967.0
20260215,17,제주,90.47,745.0,53967.0
20260215,18,육지,97.89,821.0,57160.0
20260215,18,제주,97.89,821.0,57160.0
20260215,19,육지,100.68,876.0,59124.0
20260215,19,제주,100.68,876.0,59124.0
20260215,20,육지,98.15,908.0,58900.0
20260215,20,제주,98.15,908.0,58900.0
20260215,21,육지,98.15,895.0,58336.0
20260215,21,제주,98.15,895.0,58336.0
20260215,22,육지,98.15,866.0,57403.0
20260215,22,제주,98.15,866.0,57403.0
20260215,23,육지,98.15,843.0,57426.0
20260215,23,제주,98.15,843.0,57426.0
20260215,24,육지,98.15,812.0,57457.0
20260215,24,제주,98.15,812.0,57457.0
20260216,1,육지,98.8,712.0,54865.0
20260216,1,제주,122.58,712.0,54865.0
20260216,2,육지,115.91,672.0,52597.0
20260216,2,제주,115.91,672.0,52597.0
20260216,3,육지,96.58,641.0,51282.0
20260216,3,제주,96.58,641.0,51282.0
20260216,4,육지,79.84,627.0,50719.0
20260216,4,제주,79.84,627.0,50719.0
20260216,5,육지,79.02,620.0,50630.0
20260216,5,제주,79.02,620.0,50630.0
20260216,6,육지,87.55,631.0,51196.0
20260216,6,제주,87.55,631.0,51196.0
20260216,7,육지,98.8,678.0,51726.0
20260216,7,제주,98.8,678.0,51726.0
20260216,8,육지,98.8,723.0,51777.0
20260216,8,제주,127.79,723.0,51777.0
20260216,9,육지,74.52,721.0,49375.0
20260216,9,제주,127.79,721.0,49375.0
20260216,10,육지,72.39,674.0,44903.0
20260216,10,제주,72.39,674.0,44903.0
20260216,11,육지,72.15,622.0,43320.0
20260216,11,제주,72.15,622.0,43320.0
20260216,12,육지,71.87,581.0,41342.0
20260216,12,제주,71.87,581.0,41342.0
20260216,13,육지,6.01,570.0,39911.0
20260216,13,제주,6.01,570.0,39911.0
20260216,14,육지,6.74,606.0,39971.0
20260216,14,제주,6.74,606.0,39971.0
20260216,15,육지,72.15,642.0,40896.0
20260216,15,제주,72.15,642.0,40896.0
20260216,16,육지,72.15,669.0,43658.0
20260216,16,제주,72.15,669.0,43658.0
20260216,17,육지,72.41,698.0,47667.0
20260216,17,제주,123.83,698.0,47667.0
20260216,18,육지,98.1,729.0,51675.0
20260216,18,제주,123.83,729.0,51675.0
20260216,19,육지,100.68,812.0,54476.0
20260216,19,제주,106.85,812.0,54476.0
20260216,20,육지,98.45,850.0,54246.0
20260216,20,제주,106.85,850.0,54246.0
20260216,21,육지,98.45,825.0,53887.0
20260216,21,제주,106.85,825.0,53887.0
20260216,22,육지,98.45,783.0,53448.0
20260216,22,제주,106.85,783.0,53448.0
20260216,23,육지,98.45,757.0,54051.0
20260216,23,제주,123.83,757.0,54051.0
20260216,24,육지,98.45,723.0,54373.0
20260216,24,제주,123.83,723.0,54373.0
20260217,1,육지,98.8,734.0,51958.0
20260217,1,제주,98.8,734.0,51958.0
20260217,2,육지,98.8,702.0,49971.0
20260217,2,제주,98.8,702.0,49971.0
20260217,3,육지,78.49,677.0,48842.0
20260217,3,제주,78.49,677.0,48842.0
20260217,4,육지,78.34,665.0,48373.0
20260217,4,제주,78.34,665.0,48373.0
20260217,5,육지,78.39,660.0,48378.0
20260217,5,제주,78.39,660.0,48378.0
20260217,6,육지,96.93,669.0,49139.0
20260217,6,제주,96.93,669.0,49139.0
20260217,7,육지,98.8,706.0,50159.0
20260217,7,제주,126.81,706.0,50159.0
20260217,8,육지,98.8,715.0,50439.0
20260217,8,제주,126.81,715.0,50439.0
20260217,9,육지,78.97,698.0,47667.0
20260217,9,제주,126.81,698.0,47667.0
20260217,10,육지,70.22,628.0,42257.0
20260217,10,제주,70.22,628.0,42257.0
20260217,11,육지,70.22,572.0,38851.0
20260217,11,제주,70.22,572.0,38851.0
20260217,12,육지,68.44,511.0,36508.0
20260217,12,제주,0.0,511.0,36508.0
20260217,13,육지,0.0,497.0,35465.0
20260217,13,제주,0.0,497.0,35465.0
20260217,14,육지,67.16,530.0,36008.0
20260217,14,제주,0.0,530.0,36008.0
20260217,15,육지,68.65,557.0,37520.0
20260217,15,제주,0.0,557.0,37520.0
20260217,16,육지,70.22,606.0,40259.0
20260217,16,제주,70.22,606.0,40259.0
20260217,17,육지,76.77,641.0,44551.0
20260217,17,제주,76.77,641.0,44551.0
20260217,18,육지,98.28,715.0,48997.0
20260217,18,제주,123.84,715.0,48997.0
20260217,19,육지,101.06,782.0,52391.0
20260217,19,제주,106.85,782.0,52391.0
20260217,20,육지,101.06,837.0,52528.0
20260217,20,제주,106.85,837.0,52528.0
20260217,21,육지,101.72,825.0,52637.0
20260217,21,제주,106.85,825.0,52637.0
20260217,22,육지,101.72,791.0,52574.0
20260217,22,제주,106.85,791.0,52574.0
20260217,23,육지,101.72,770.0,53172.0
20260217,23,제주,123.84,770.0,53172.0
20260217,24,육지,101.72,743.0,53969.0
20260217,24,제주,123.84,743.0,53969.0
20260218,1,육지,100.34,748.0,50983.0
20260218,1,제주,100.34,748.0,50983.0
20260218,2,육지,100.29,703.0,49201.0
20260218,2,제주,100.29,703.0,49201.0
20260218,3,육지,99.94,670.0,48368.0
20260218,3,제주,99.94,670.0,48368.0
20260218,4,육지,99.64,657.0,47805.0
20260218,4,제주,99.64,657.0,47805.0
20260218,5,육지,99.94,650.0,47908.0
20260218,5,제주,99.94,650.0,47908.0
20260218,6,육지,100.18,662.0,48665.0
20260218,6,제주,100.18,662.0,48665.0
20260218,7,육지,100.34,713.0,49383.0
20260218,7,제주,100.34,713.0,49383.0
20260218,8,육지,100.34,780.0,49412.0
20260218,8,제주,100.34,780.0,49412.0
20260218,9,육지,94.7,788.0,47000.0
20260218,9,제주,94.7,788.0,47000.0
20260218,10,육지,70.78,720.0,42261.0
20260218,10,제주,70.78,720.0,42261.0
20260218,11,육지,70.78,637.0,39555.0
20260218,11,제주,70.78,637.0,39555.0
20260218,12,육지,71.89,579.0,37113.0
20260218,12,제주,0.0,579.0,37113.0
20260218,13,육지,0.0,537.0,35617.0
20260218,13,제주,0.0,537.0,35617.0
20260218,14,육지,6.72,542.0,36189.0
20260218,14,제주,0.0,542.0,36189.0
20260218,15,육지,68.44,559.0,37710.0
20260218,15,제주,0.0,559.0,37710.0
20260218,16,육지,70.78,610.0,41505.0
20260218,16,제주,70.78,610.0,41505.0
20260218,17,육지,83.36,670.0,47215.0
20260218,17,제주,83.36,670.0,47215.0
20260218,18,육지,98.15,800.0,53142.0
20260218,18,제주,98.15,800.0,53142.0
20260218,19,육지,104.13,888.0,57093.0
20260218,19,제주,104.13,888.0,57093.0
20260218,20,육지,104.13,900.0,57081.0
20260218,20,제주,104.13,900.0,57081.0
20260218,21,육지,104.13,874.0,56722.0
20260218,21,제주,104.13,874.0,56722.0
20260218,22,육지,104.13,827.0,55615.0
20260218,22,제주,104.13,827.0,55615.0
20260218,23,육지,104.13,799.0,55643.0
20260218,23,제주,104.13,799.0,55643.0
20260218,24,육지,104.13,761.0,55777.0
20260218,24,제주,104.13,761.0,55777.0
20260219,1,육지,104.32,764.0,53659.0
20260219,1,제주,104.32,764.0,53659.0
20260219,2,육지,113.85,730.0,51770.0
20260219,2,제주,113.85,730.0,51770.0
20260219,3,육지,91.98,705.0,50833.0
20260219,3,제주,91.98,705.0,50833.0
20260219,4,육지,91.98,695.0,50459.0
20260219,4,제주,91.98,695.0,50459.0
20260219,5,육지,91.98,690.0,51233.0
20260219,5,제주,91.98,690.0,51233.0
20260219,6,육지,91.98,699.0,52859.0
20260219,6,제주,91.98,699.0,52859.0
20260219,7,육지,102.88,737.0,56571.0
20260219,7,제주,102.88,737.0,56571.0
20260219,8,육지,113.24,798.0,62087.0
20260219,8,제주,129.63,798.0,62087.0
20260219,9,육지,116.11,816.0,67646.0
20260219,9,제주,129.63,816.0,67646.0
20260219,10,육지,136.49,767.0,67214.0
20260219,10,제주,136.49,767.0,67214.0
20260219,11,육지,103.93,713.0,63902.0
20260219,11,제주,103.93,713.0,63902.0
20260219,12,육지,103.93,670.0,60676.0
20260219,12,제주,103.93,670.0,60676.0
20260219,13,육지,110.2,628.0,56487.0
20260219,13,제주,110.2,628.0,56487.0
20260219,14,육지,102.79,631.0,58407.0
20260219,14,제주,102.79,631.0,58407.0
20260219,15,육지,103.59,648.0,60025.0
20260219,15,제주,103.59,648.0,60025.0
20260219,16,육지,103.13,691.0,62867.0
20260219,16,제주,103.13,691.0,62867.0
20260219,17,육지,124.25,732.0,67633.0
20260219,17,제주,124.25,732.0,67633.0
20260219,18,육지,124.85,799.0,70163.0
20260219,18,제주,124.85,799.0,70163.0
20260219,19,육지,124.85,869.0,70669.0
20260219,19,제주,125.89,869.0,70669.0
20260219,20,육지,123.64,878.0,68737.0
20260219,20,제주,125.89,878.0,68737.0
20260219,21,육지,114.96,858.0,66354.0
20260219,21,제주,125.89,858.0,66354.0
20260219,22,육지,114.51,823.0,63600.0
20260219,22,제주,125.89,823.0,63600.0
20260219,23,육지,113.29,802.0,62852.0
20260219,23,제주,125.89,802.0,62852.0
20260219,24,육지,114.51,774.0,63072.0
20260219,24,제주,125.15,774.0,63072.0
20260220,1,육지,105.55,763.0,58165.0
20260220,1,제주,124.15,763.0,58165.0
20260220,2,육지,102.75,732.0,56061.0
20260220,2,제주,102.75,732.0,56061.0
20260220,3,육지,102.75,711.0,55393.0
20260220,3,제주,102.75,711.0,55393.0
20260220,4,육지,102.75,696.0,54119.0
20260220,4,제주,102.75,696.0,54119.0
20260220,5,육지,102.75,706.0,54794.0
20260220,5,제주,102.75,706.0,54794.0
20260220,6,육지,106.37,725.0,57191.0
20260220,6,제주,124.15,725.0,57191.0
20260220,7,육지,117.5,765.0,60923.0
20260220,7,제주,124.15,765.0,60923.0
20260220,8,육지,118.35,780.0,66093.0
20260220,8,제주,124.15,780.0,66093.0
20260220,9,육지,128.8,755.0,68602.0
20260220,9,제주,128.8,755.0,68602.0
20260220,10,육지,117.96,688.0,67181.0
20260220,10,제주,117.96,688.0,67181.0
20260220,11,육지,113.42,686.0,63167.0
20260220,11,제주,113.42,686.0,63167.0
20260220,12,육지,105.31,628.0,59797.0
20260220,12,제주,105.31,628.0,59797.0
20260220,13,육지,105.18,591.0,55166.0
20260220,13,제주,105.18,591.0,55166.0
20260220,14,육지,104.66,606.0,56600.0
20260220,14,제주,104.66,606.0,56600.0
20260220,15,육지,104.66,613.0,58010.0
20260220,15,제주,104.66,613.0,58010.0
20260220,16,육지,104.39,634.0,60397.0
20260220,16,제주,104.39,634.0,60397.0
20260220,17,육지,111.34,689.0,64143.0
20260220,17,제주,111.34,689.0,64143.0
20260220,18,육지,121.42,749.0,67477.0
20260220,18,제주,121.42,749.0,67477.0
20260220,19,육지,122.36,841.0,68854.0
20260220,19,제주,122.36,841.0,68854.0
20260220,20,육지,122.72,860.0,68432.0
20260220,20,제주,126.97,860.0,68432.0
20260220,21,육지,120.7,857.0,66515.0
20260220,21,제주,127.04,857.0,66515.0
20260220,22,육지,115.64,839.0,64660.0
20260220,22,제주,127.04,839.0,64660.0
20260220,23,육지,114.87,813.0,63313.0
20260220,23,제주,126.31,813.0,63313.0
20260220,24,육지,114.85,791.0,62501.0
20260220,24,제주,114.85,791.0,62501.0
20260221,1,육지,110.41,773.0,59283.0
20260221,1,제주,122.41,773.0,59283.0
20260221,2,육지,105.57,738.0,56995.0
20260221,2,제주,105.57,738.0,56995.0
20260221,3,육지,105.57,708.0,55516.0
20260221,3,제주,105.57,708.0,55516.0
20260221,4,육지,104.66,695.0,54815.0
20260221,4,제주,104.66,695.0,54815.0
20260221,5,육지,104.66,699.0,55279.0
20260221,5,제주,104.66,699.0,55279.0
20260221,6,육지,104.66,712.0,55569.0
20260221,6,제주,104.66,712.0,55569.0
20260221,7,육지,113.35,743.0,56724.0
20260221,7,제주,113.35,743.0,56724.0
20260221,8,육지,105.57,700.0,57765.0
20260221,8,제주,105.57,700.0,57765.0
20260221,9,육지,108.87,691.0,56031.0
20260221,9,제주,108.87,691.0,56031.0
20260221,10,육지,120.08,631.0,51399.0
20260221,10,제주,120.08,631.0,51399.0
20260221,11,육지,100.14,599.0,47744.0
20260221,11,제주,100.14,599.0,47744.0
20260221,12,육지,100.13,565.0,44535.0
20260221,12,제주,100.13,565.0,44535.0
20260221,13,육지,100.12,544.0,42527.0
20260221,13,제주,0.0,544.0,42527.0
20260221,14,육지,100.12,530.0,42631.0
20260221,14,제주,0.0,530.0,42631.0
20260221,15,육지,99.64,542.0,43929.0
20260221,15,제주,0.0,542.0,43929.0
20260221,16,육지,99.57,585.0,47025.0
20260221,16,제주,99.57,585.0,47025.0
20260221,17,육지,103.26,597.0,51293.0
20260221,17,제주,103.26,597.0,51293.0
20260221,18,육지,112.87,694.0,55064.0
20260221,18,제주,112.87,694.0,55064.0
20260221,19,육지,115.04,768.0,57913.0
20260221,19,제주,115.04,768.0,57913.0
20260221,20,육지,115.12,818.0,58364.0
20260221,20,제주,115.12,818.0,58364.0
20260221,21,육지,115.11,803.0,57908.0
20260221,21,제주,115.11,803.0,57908.0
20260221,22,육지,115.12,776.0,57628.0
20260221,22,제주,115.12,776.0,57628.0
20260221,23,육지,115.1,756.0,57224.0
20260221,23,제주,115.1,756.0,57224.0
20260221,24,육지,115.1,743.0,57202.0
20260221,24,제주,115.1,743.0,57202.0
20260222,1,육지,103.07,702.0,53658.0
20260222,1,제주,103.07,702.0,53658.0
20260222,2,육지,102.1,670.0,51248.0
20260222,2,제주,102.1,670.0,51248.0
20260222,3,육지,99.79,649.0,49920.0
20260222,3,제주,99.79,649.0,49920.0
20260222,4,육지,88.38,635.0,49540.0
20260222,4,제주,88.38,635.0,49540.0
20260222,5,육지,83.1,638.0,49177.0
20260222,5,제주,83.1,638.0,49177.0
20260222,6,육지,90.19,650.0,49817.0
20260222,6,제주,90.19,650.0,49817.0
20260222,7,육지,90.01,672.0,50295.0
20260222,7,제주,90.01,672.0,50295.0
20260222,8,육지,97.12,694.0,51856.0
20260222,8,제주,97.12,694.0,51856.0
20260222,9,육지,97.12,698.0,52045.0
20260222,9,제주,97.12,698.0,52045.0
20260222,10,육지,97.2,659.0,51601.0
20260222,10,제주,97.2,659.0,51601.0
20260222,11,육지,97.04,612.0,51594.0
20260222,11,제주,97.04,612.0,51594.0
20260222,12,육지,97.12,595.0,50162.0
20260222,12,제주,97.12,595.0,50162.0
20260222,13,육지,97.89,539.0,47781.0
20260222,13,제주,97.89,539.0,47781.0
20260222,14,육지,95.28,561.0,45314.0
20260222,14,제주,95.28,561.0,45314.0
20260222,15,육지,5.84,571.0,44035.0
20260222,15,제주,5.84,571.0,44035.0
20260222,16,육지,75.3,608.0,45666.0
20260222,16,제주,75.3,608.0,45666.0
20260222,17,육지,84.07,636.0,50556.0
20260222,17,제주,84.07,636.0,50556.0
20260222,18,육지,97.53,712.0,55194.0
20260222,18,제주,97.53,712.0,55194.0
20260222,19,육지,104.12,780.0,59173.0
20260222,19,제주,104.12,780.0,59173.0
20260222,20,육지,104.12,868.0,58989.0
20260222,20,제주,104.12,868.0,58989.0
20260222,21,육지,104.12,852.0,59237.0
20260222,21,제주,104.12,852.0,59237.0
20260222,22,육지,104.12,829.0,58150.0
20260222,22,제주,104.12,829.0,58150.0
20260222,23,육지,104.12,833.0,58226.0
20260222,23,제주,104.12,833.0,58226.0
20260222,24,육지,104.12,810.0,56921.0
20260222,24,제주,104.12,810.0,56921.0
20260223,1,육지,113.29,809.0,55590.0
20260223,1,제주,113.29,809.0,55590.0
20260223,2,육지,86.93,773.0,53331.0
20260223,2,제주,86.93,773.0,53331.0
20260223,3,육지,78.58,745.0,51915.0
20260223,3,제주,78.58,745.0,51915.0
20260223,4,육지,78.58,732.0,51704.0
20260223,4,제주,78.58,732.0,51704.0
20260223,5,육지,78.58,741.0,52082.0
20260223,5,제주,78.58,741.0,52082.0
20260223,6,육지,81.16,751.0,54688.0
20260223,6,제주,81.16,751.0,54688.0
20260223,7,육지,112.01,793.0,59375.0
20260223,7,제주,112.01,793.0,59375.0
20260223,8,육지,113.0,839.0,66131.0
20260223,8,제주,113.0,839.0,66131.0
20260223,9,육지,131.56,860.0,71515.0
20260223,9,제주,131.56,860.0,71515.0
20260223,10,육지,122.9,812.0,71173.0
20260223,10,제주,122.9,812.0,71173.0
20260223,11,육지,116.8,731.0,67886.0
20260223,11,제주,116.8,731.0,67886.0
20260223,12,육지,106.8,684.0,64014.0
20260223,12,제주,106.8,684.0,64014.0
20260223,13,육지,109.85,638.0,59463.0
20260223,13,제주,109.85,638.0,59463.0
20260223,14,육지,105.34,620.0,62223.0
20260223,14,제주,105.34,620.0,62223.0
20260223,15,육지,105.34,638.0,64053.0
20260223,15,제주,105.34,638.0,64053.0
20260223,16,육지,105.34,685.0,66299.0
20260223,16,제주,105.34,685.0,66299.0
20260223,17,육지,114.74,733.0,70275.0
20260223,17,제주,114.74,733.0,70275.0
20260223,18,육지,121.4,803.0,72914.0
20260223,18,제주,121.4,803.0,72914.0
20260223,19,육지,121.4,873.0,73421.0
20260223,19,제주,125.97,873.0,73421.0
20260223,20,육지,121.18,912.0,72566.0
20260223,20,제주,126.03,912.0,72566.0
20260223,21,육지,120.55,890.0,70109.0
20260223,21,제주,126.03,890.0,70109.0
20260223,22,육지,115.21,853.0,67749.0
20260223,22,제주,126.03,853.0,67749.0
20260223,23,육지,113.29,829.0,67072.0
20260223,23,제주,126.03,829.0,67072.0
20260223,24,육지,113.29,800.0,66215.0
20260223,24,제주,113.29,800.0,66215.0
20260224,1,육지,108.05,723.0,60635.0
20260224,1,제주,124.4,723.0,60635.0
20260224,2,육지,100.31,686.0,58033.0
20260224,2,제주,100.31,686.0,58033.0
20260224,3,육지,92.93,663.0,56563.0
20260224,3,제주,92.93,663.0,56563.0
20260224,4,육지,99.77,648.0,56044.0
20260224,4,제주,99.77,648.0,56044.0
20260224,5,육지,99.77,639.0,56494.0
20260224,5,제주,99.77,639.0,56494.0
20260224,6,육지,100.07,663.0,58387.0
20260224,6,제주,100.07,663.0,58387.0
20260224,7,육지,105.34,706.0,62482.0
20260224,7,제주,105.34,706.0,62482.0
20260224,8,육지,121.04,761.0,68614.0
20260224,8,제주,123.69,761.0,68614.0
20260224,9,육지,124.46,792.0,75192.0
20260224,9,제주,124.46,792.0,75192.0
20260224,10,육지,137.01,811.0,75973.0
20260224,10,제주,137.01,811.0,75973.0
20260224,11,육지,137.01,819.0,75860.0
20260224,11,제주,137.01,819.0,75860.0
20260224,12,육지,128.81,811.0,74769.0
20260224,12,제주,128.81,811.0,74769.0
20260224,13,육지,121.09,795.0,71606.0
20260224,13,제주,121.09,795.0,71606.0
20260224,14,육지,129.13,801.0,73380.0
20260224,14,제주,103.59,801.0,73380.0
20260224,15,육지,128.77,802.0,72849.0
20260224,15,제주,128.77,802.0,72849.0
20260224,16,육지,124.46,804.0,71507.0
20260224,16,제주,124.46,804.0,71507.0
20260224,17,육지,119.52,809.0,70570.0
20260224,17,제주,119.52,809.0,70570.0
20260224,18,육지,119.33,826.0,69032.0
20260224,18,제주,119.33,826.0,69032.0
20260224,19,육지,119.4,841.0,69856.0
20260224,19,제주,119.4,841.0,69856.0
20260224,20,육지,119.23,836.0,68868.0
20260224,20,제주,119.23,836.0,68868.0
20260224,21,육지,112.99,829.0,66959.0
20260224,21,제주,112.99,829.0,66959.0
20260224,22,육지,112.67,815.0,64941.0
20260224,22,제주,112.67,815.0,64941.0
20260224,23,육지,112.67,800.0,64362.0
20260224,23,제주,112.67,800.0,64362.0
20260224,24,육지,112.67,778.0,63340.0
20260224,24,제주,112.67,778.0,63340.0
20260225,1,육지,110.57,741.0,60889.0
20260225,1,제주,110.57,741.0,60889.0
20260225,2,육지,105.71,711.0,58710.0
20260225,2,제주,105.71,711.0,58710.0
20260225,3,육지,105.71,690.0,57419.0
20260225,3,제주,105.71,690.0,57419.0
20260225,4,육지,104.57,676.0,56440.0
20260225,4,제주,104.57,676.0,56440.0
20260225,5,육지,105.71,679.0,57472.0
20260225,5,제주,105.71,679.0,57472.0
20260225,6,육지,107.5,697.0,58871.0
20260225,6,제주,107.5,697.0,58871.0
20260225,7,육지,114.86,736.0,63153.0
20260225,7,제주,114.86,736.0,63153.0
20260225,8,육지,119.73,786.0,68964.0
20260225,8,제주,119.73,786.0,68964.0
20260225,9,육지,125.12,780.0,72423.0
20260225,9,제주,125.12,780.0,72423.0
20260225,10,육지,122.42,743.0,71244.0
20260225,10,제주,128.12,743.0,71244.0
20260225,11,육지,118.07,761.0,68272.0
20260225,11,제주,118.07,761.0,68272.0
20260225,12,육지,103.14,716.0,63616.0
20260225,12,제주,103.14,716.0,63616.0
20260225,13,육지,109.3,673.0,58852.0
20260225,13,제주,109.3,673.0,58852.0
20260225,14,육지,109.3,689.0,60622.0
20260225,14,제주,109.3,689.0,60622.0
20260225,15,육지,109.3,692.0,61704.0
20260225,15,제주,109.3,692.0,61704.0
20260225,16,육지,109.3,691.0,63254.0
20260225,16,제주,109.3,691.0,63254.0
20260225,17,육지,116.08,696.0,66566.0
20260225,17,제주,126.56,696.0,66566.0
20260225,18,육지,119.8,736.0,68220.0
20260225,18,제주,125.8,736.0,68220.0
20260225,19,육지,121.71,815.0,69863.0
20260225,19,제주,121.71,815.0,69863.0
20260225,20,육지,121.37,823.0,69722.0
20260225,20,제주,121.37,823.0,69722.0
20260225,21,육지,119.83,820.0,67445.0
20260225,21,제주,119.83,820.0,67445.0
20260225,22,육지,119.83,803.0,65838.0
20260225,22,제주,119.83,803.0,65838.0
20260225,23,육지,119.83,782.0,65163.0
20260225,23,제주,119.83,782.0,65163.0
20260225,24,육지,114.77,760.0,62775.0
20260225,24,제주,114.77,760.0,62775.0
20260226,1,육지,111.71,724.0,58966.0
20260226,1,제주,111.71,724.0,58966.0
20260226,2,육지,113.29,689.0,57210.0
20260226,2,제주,113.29,689.0,57210.0
20260226,3,육지,107.76,661.0,55606.0
20260226,3,제주,107.76,661.0,55606.0
20260226,4,육지,107.76,636.0,54930.0
20260226,4,제주,107.76,636.0,54930.0
20260226,5,육지,107.76,631.0,55731.0
20260226,5,제주,107.76,631.0,55731.0
20260226,6,육지,107.76,646.0,57295.0
20260226,6,제주,107.76,646.0,57295.0
20260226,7,육지,117.13,689.0,60974.0
20260226,7,제주,117.13,689.0,60974.0
20260226,8,육지,121.46,734.0,66613.0
20260226,8,제주,121.46,734.0,66613.0
20260226,9,육지,126.35,782.0,70266.0
20260226,9,제주,126.35,782.0,70266.0
20260226,10,육지,126.09,802.0,68527.0
20260226,10,제주,127.5,802.0,68527.0
20260226,11,육지,118.35,815.0,65879.0
20260226,11,제주,118.35,815.0,65879.0
20260226,12,육지,107.4,799.0,62481.0
20260226,12,제주,107.4,799.0,62481.0
20260226,13,육지,109.32,771.0,59645.0
20260226,13,제주,109.32,771.0,59645.0
20260226,14,육지,111.78,791.0,62723.0
20260226,14,제주,111.78,791.0,62723.0
20260226,15,육지,114.9,783.0,64529.0
20260226,15,제주,114.9,783.0,64529.0
20260226,16,육지,121.41,780.0,65391.0
20260226,16,제주,121.41,780.0,65391.0
20260226,17,육지,121.53,791.0,67572.0
20260226,17,제주,121.53,791.0,67572.0
20260226,18,육지,121.53,817.0,69249.0
20260226,18,제주,121.53,817.0,69249.0
20260226,19,육지,122.65,852.0,69829.0
20260226,19,제주,122.65,852.0,69829.0
20260226,20,육지,121.8,861.0,68832.0
20260226,20,제주,121.8,861.0,68832.0
20260226,21,육지,121.54,831.0,67227.0
20260226,21,제주,121.54,831.0,67227.0
20260226,22,육지,121.54,804.0,65213.0
20260226,22,제주,121.54,804.0,65213.0
20260226,23,육지,121.53,783.0,64427.0
20260226,23,제주,121.53,783.0,64427.0
20260226,24,육지,115.89,754.0,63406.0
20260226,24,제주,115.89,754.0,63406.0
20260227,1,육지,103.25,740.0,57604.0
20260227,1,제주,103.25,740.0,57604.0
20260227,2,육지,100.08,712.0,55391.0
20260227,2,제주,100.08,712.0,55391.0
20260227,3,육지,93.03,693.0,53916.0
20260227,3,제주,93.03,693.0,53916.0
20260227,4,육지,93.03,684.0,53158.0
20260227,4,제주,93.03,684.0,53158.0
20260227,5,육지,93.03,686.0,53907.0
20260227,5,제주,93.03,686.0,53907.0
20260227,6,육지,100.21,701.0,55592.0
20260227,6,제주,100.21,701.0,55592.0
20260227,7,육지,114.86,736.0,59357.0
20260227,7,제주,114.86,736.0,59357.0
20260227,8,육지,125.62,776.0,64771.0
20260227,8,제주,125.62,776.0,64771.0
20260227,9,육지,128.15,782.0,69448.0
20260227,9,제주,128.15,782.0,69448.0
20260227,10,육지,125.8,772.0,68996.0
20260227,10,제주,125.8,772.0,68996.0
20260227,11,육지,120.4,785.0,66475.0
20260227,11,제주,120.4,785.0,66475.0
20260227,12,육지,105.95,767.0,63667.0
20260227,12,제주,105.95,767.0,63667.0
20260227,13,육지,105.67,737.0,59198.0
20260227,13,제주,105.67,737.0,59198.0
20260227,14,육지,105.44,748.0,59724.0
20260227,14,제주,105.44,748.0,59724.0
20260227,15,육지,105.16,751.0,60324.0
20260227,15,제주,105.16,751.0,60324.0
20260227,16,육지,104.93,739.0,61447.0
20260227,16,제주,104.93,739.0,61447.0
20260227,17,육지,104.93,745.0,63817.0
20260227,17,제주,104.93,745.0,63817.0
20260227,18,육지,110.6,767.0,65780.0
20260227,18,제주,110.6,767.0,65780.0
20260227,19,육지,124.01,827.0,67298.0
20260227,19,제주,124.01,827.0,67298.0
20260227,20,육지,123.42,850.0,66259.0
20260227,20,제주,123.42,850.0,66259.0
20260227,21,육지,123.22,842.0,65309.0
20260227,21,제주,123.22,842.0,65309.0
20260227,22,육지,113.15,825.0,63475.0
20260227,22,제주,113.15,825.0,63475.0
20260227,23,육지,111.04,814.0,63240.0
20260227,23,제주,111.04,814.0,63240.0
20260227,24,육지,111.11,788.0,61930.0
20260227,24,제주,111.11,788.0,61930.0
20260228,1,육지,115.05,738.0,59182.0
20260228,1,제주,123.29,738.0,59182.0
20260228,2,육지,107.14,713.0,56545.0
20260228,2,제주,123.29,713.0,56545.0
20260228,3,육지,104.57,688.0,54858.0
20260228,3,제주,104.57,688.0,54858.0
20260228,4,육지,104.57,670.0,54588.0
20260228,4,제주,123.27,670.0,54588.0
20260228,5,육지,104.57,675.0,55041.0
20260228,5,제주,123.49,675.0,55041.0
20260228,6,육지,108.88,703.0,55892.0
20260228,6,제주,108.88,703.0,55892.0
20260228,7,육지,121.7,725.0,57696.0
20260228,7,제주,121.7,725.0,57696.0
20260228,8,육지,121.7,741.0,57336.0
20260228,8,제주,121.7,741.0,57336.0
20260228,9,육지,113.43,744.0,54033.0
20260228,9,제주,113.43,744.0,54033.0
20260228,10,육지,113.43,692.0,50496.0
20260228,10,제주,113.43,692.0,50496.0
20260228,11,육지,100.13,637.0,47759.0
20260228,11,제주,100.13,637.0,47759.0
20260228,12,육지,137.87,605.0,44600.0
20260228,12,제주,137.87,605.0,44600.0
20260228,13,육지,100.11,593.0,42246.0
20260228,13,제주,0.0,593.0,42246.0
20260228,14,육지,106.71,608.0,42910.0
20260228,14,제주,0.0,608.0,42910.0
20260228,15,육지,100.1,653.0,43719.0
20260228,15,제주,100.1,653.0,43719.0
20260228,16,육지,99.71,698.0,46122.0
20260228,16,제주,99.71,698.0,46122.0
20260228,17,육지,89.77,725.0,50499.0
20260228,17,제주,89.77,725.0,50499.0
20260228,18,육지,115.02,722.0,55454.0
20260228,18,제주,115.02,722.0,55454.0
20260228,19,육지,119.74,797.0,58742.0
20260228,19,제주,119.74,797.0,58742.0
20260228,20,육지,119.74,823.0,58705.0
20260228,20,제주,119.74,823.0,58705.0
20260228,21,육지,118.84,814.0,58429.0
20260228,21,제주,118.84,814.0,58429.0
20260228,22,육지,119.74,779.0,57454.0
20260228,22,제주,119.74,779.0,57454.0
20260228,23,육지,119.74,744.0,57907.0
20260228,23,제주,119.74,744.0,57907.0
20260228,24,육지,119.74,714.0,58021.0
20260228,24,제주,119.74,714.0,58021.0
20260301,1,육지,99.23,735.0,53742.0
20260301,1,제주,99.23,735.0,53742.0
20260301,2,육지,98.16,710.0,51546.0
20260301,2,제주,98.16,710.0,51546.0
20260301,3,육지,87.73,692.0,50132.0
20260301,3,제주,87.73,692.0,50132.0
20260301,4,육지,79.38,684.0,49403.0
20260301,4,제주,79.38,684.0,49403.0
20260301,5,육지,79.75,686.0,49370.0
20260301,5,제주,79.75,686.0,49370.0
20260301,6,육지,92.82,699.0,49993.0
20260301,6,제주,92.82,699.0,49993.0
20260301,7,육지,95.51,731.0,51139.0
20260301,7,제주,95.51,731.0,51139.0
20260301,8,육지,97.29,764.0,52091.0
20260301,8,제주,97.29,764.0,52091.0
20260301,9,육지,95.51,762.0,51501.0
20260301,9,제주,95.51,762.0,51501.0
20260301,10,육지,94.42,732.0,49025.0
20260301,10,제주,94.42,732.0,49025.0
20260301,11,육지,98.91,719.0,47183.0
20260301,11,제주,98.91,719.0,47183.0
20260301,12,육지,99.26,689.0,45266.0
20260301,12,제주,99.26,689.0,45266.0
20260301,13,육지,99.33,654.0,44370.0
20260301,13,제주,99.33,654.0,44370.0
20260301,14,육지,99.33,663.0,44939.0
20260301,14,제주,99.33,663.0,44939.0
20260301,15,육지,99.0,676.0,46376.0
20260301,15,제주,99.0,676.0,46376.0
20260301,16,육지,98.37,697.0,49195.0
20260301,16,제주,98.37,697.0,49195.0
20260301,17,육지,98.11,729.0,53127.0
20260301,17,제주,98.11,729.0,53127.0
20260301,18,육지,99.33,755.0,56290.0
20260301,18,제주,99.33,755.0,56290.0
20260301,19,육지,103.0,813.0,58795.0
20260301,19,제주,103.0,813.0,58795.0
20260301,20,육지,103.0,836.0,58846.0
20260301,20,제주,103.0,836.0,58846.0
20260301,21,육지,103.01,829.0,58065.0
20260301,21,제주,103.01,829.0,58065.0
20260301,22,육지,103.01,813.0,57153.0
20260301,22,제주,103.01,813.0,57153.0
20260301,23,육지,102.6,803.0,56555.0
20260301,23,제주,102.6,803.0,56555.0
20260301,24,육지,99.33,779.0,55796.0
20260301,24,제주,99.33,779.0,55796.0
20260302,1,육지,102.29,707.0,53235.0
20260302,1,제주,102.29,707.0,53235.0
20260302,2,육지,81.55,675.0,51056.0
20260302,2,제주,81.55,675.0,51056.0
20260302,3,육지,86.77,653.0,50020.0
20260302,3,제주,86.77,653.0,50020.0
20260302,4,육지,86.8,642.0,49454.0
20260302,4,제주,86.8,642.0,49454.0
20260302,5,육지,86.77,645.0,49836.0
20260302,5,제주,86.77,645.0,49836.0
20260302,6,육지,86.77,662.0,50972.0
20260302,6,제주,86.77,662.0,50972.0
20260302,7,육지,89.14,702.0,52567.0
20260302,7,제주,89.14,702.0,52567.0
20260302,8,육지,101.44,749.0,55210.0
20260302,8,제주,101.44,749.0,55210.0
20260302,9,육지,106.08,758.0,58060.0
20260302,9,제주,106.08,758.0,58060.0
20260302,10,육지,106.62,748.0,58686.0
20260302,10,제주,106.62,748.0,58686.0
20260302,11,육지,105.2,760.0,58903.0
20260302,11,제주,105.2,760.0,58903.0
20260302,12,육지,100.79,739.0,58210.0
20260302,12,제주,100.79,739.0,58210.0
20260302,13,육지,98.44,708.0,56782.0
20260302,13,제주,98.44,708.0,56782.0
20260302,14,육지,98.51,720.0,56966.0
20260302,14,제주,98.51,720.0,56966.0
20260302,15,육지,100.83,723.0,57767.0
20260302,15,제주,100.83,723.0,57767.0
20260302,16,육지,107.57,710.0,58996.0
20260302,16,제주,107.57,710.0,58996.0
20260302,17,육지,101.65,716.0,60877.0
20260302,17,제주,101.65,716.0,60877.0
20260302,18,육지,106.09,740.0,61947.0
20260302,18,제주,106.09,740.0,61947.0
20260302,19,육지,108.5,808.0,63133.0
20260302,19,제주,108.5,808.0,63133.0
20260302,20,육지,108.5,835.0,63491.0
20260302,20,제주,108.5,835.0,63491.0
20260302,21,육지,112.21,826.0,62347.0
20260302,21,제주,112.21,826.0,62347.0
20260302,22,육지,108.5,806.0,60732.0
20260302,22,제주,108.5,806.0,60732.0
20260302,23,육지,108.5,793.0,60169.0
20260302,23,제주,108.5,793.0,60169.0
20260302,24,육지,106.32,763.0,59141.0
20260302,24,제주,106.32,763.0,59141.0
20260303,1,육지,102.56,707.0,55447.0
20260303,1,제주,102.56,707.0,55447.0
20260303,2,육지,94.16,677.0,53265.0
20260303,2,제주,94.16,677.0,53265.0
20260303,3,육지,89.09,655.0,51557.0
20260303,3,제주,89.09,655.0,51557.0
20260303,4,육지,89.09,645.0,51759.0
20260303,4,제주,89.09,645.0,51759.0
20260303,5,육지,89.37,647.0,52430.0
20260303,5,제주,89.37,647.0,52430.0
20260303,6,육지,94.16,664.0,54624.0
20260303,6,제주,94.16,664.0,54624.0
20260303,7,육지,102.01,702.0,59009.0
20260303,7,제주,102.01,702.0,59009.0
20260303,8,육지,111.63,745.0,65784.0
20260303,8,제주,111.63,745.0,65784.0
20260303,9,육지,125.86,747.0,71655.0
20260303,9,제주,125.86,747.0,71655.0
20260303,10,육지,125.17,728.0,71232.0
20260303,10,제주,125.17,728.0,71232.0
20260303,11,육지,114.92,732.0,68300.0
20260303,11,제주,114.92,732.0,68300.0
20260303,12,육지,105.11,704.0,64298.0
20260303,12,제주,105.11,704.0,64298.0
20260303,13,육지,106.55,670.0,60162.0
20260303,13,제주,106.55,670.0,60162.0
20260303,14,육지,106.55,684.0,62184.0
20260303,14,제주,106.55,684.0,62184.0
20260303,15,육지,106.55,692.0,63393.0
20260303,15,제주,106.55,692.0,63393.0
20260303,16,육지,111.34,683.0,65436.0
20260303,16,제주,111.34,683.0,65436.0
20260303,17,육지,113.02,697.0,68744.0
20260303,17,제주,113.02,697.0,68744.0
20260303,18,육지,123.02,731.0,70476.0
20260303,18,제주,123.02,731.0,70476.0
20260303,19,육지,123.02,803.0,71119.0
20260303,19,제주,123.02,803.0,71119.0
20260303,20,육지,123.02,830.0,70228.0
20260303,20,제주,123.02,830.0,70228.0
20260303,21,육지,113.35,822.0,67832.0
20260303,21,제주,113.35,822.0,67832.0
20260303,22,육지,113.14,802.0,65544.0
20260303,22,제주,113.14,802.0,65544.0
20260303,23,육지,111.67,790.0,64883.0
20260303,23,제주,111.67,790.0,64883.0
20260303,24,육지,107.88,761.0,63951.0
20260303,24,제주,120.52,761.0,63951.0
20260304,1,육지,108.72,725.0,60442.0
20260304,1,제주,108.72,725.0,60442.0
20260304,2,육지,107.21,687.0,58142.0
20260304,2,제주,107.21,687.0,58142.0
20260304,3,육지,107.21,664.0,57047.0
20260304,3,제주,107.21,664.0,57047.0
20260304,4,육지,107.21,650.0,56380.0
20260304,4,제주,107.21,650.0,56380.0
20260304,5,육지,107.21,642.0,56736.0
20260304,5,제주,107.21,642.0,56736.0
20260304,6,육지,114.25,659.0,59102.0
20260304,6,제주,114.25,659.0,59102.0
20260304,7,육지,120.9,696.0,62442.0
20260304,7,제주,120.9,696.0,62442.0
20260304,8,육지,120.97,704.0,67131.0
20260304,8,제주,120.97,704.0,67131.0
20260304,9,육지,126.48,756.0,70004.0
20260304,9,제주,126.48,756.0,70004.0
20260304,10,육지,114.36,764.0,67383.0
20260304,10,제주,114.36,764.0,67383.0
20260304,11,육지,103.22,714.0,63126.0
20260304,11,제주,103.22,714.0,63126.0
20260304,12,육지,101.82,655.0,60165.0
20260304,12,제주,101.82,655.0,60165.0
20260304,13,육지,101.77,612.0,55187.0
20260304,13,제주,0.0,612.0,55187.0
20260304,14,육지,100.89,609.0,56355.0
20260304,14,제주,0.0,609.0,56355.0
20260304,15,육지,100.89,618.0,57631.0
20260304,15,제주,0.0,618.0,57631.0
20260304,16,육지,101.32,649.0,60511.0
20260304,16,제주,101.32,649.0,60511.0
20260304,17,육지,111.79,715.0,64068.0
20260304,17,제주,111.79,715.0,64068.0
20260304,18,육지,124.53,765.0,66938.0
20260304,18,제주,124.53,765.0,66938.0
20260304,19,육지,125.19,818.0,69852.0
20260304,19,제주,125.19,818.0,69852.0
20260304,20,육지,120.97,849.0,69360.0
20260304,20,제주,120.97,849.0,69360.0
20260304,21,육지,120.9,830.0,67020.0
20260304,21,제주,120.9,830.0,67020.0
20260304,22,육지,120.9,801.0,65304.0
20260304,22,제주,120.9,801.0,65304.0
20260304,23,육지,120.9,796.0,64771.0
20260304,23,제주,120.9,796.0,64771.0
20260304,24,육지,120.9,770.0,63034.0
20260304,24,제주,120.9,770.0,63034.0
20260305,1,육지,112.25,719.0,59818.0
20260305,1,제주,120.68,719.0,59818.0
20260305,2,육지,112.05,680.0,57332.0
20260305,2,제주,112.05,680.0,57332.0
20260305,3,육지,103.27,658.0,56002.0
20260305,3,제주,103.27,658.0,56002.0
20260305,4,육지,103.27,644.0,55376.0
20260305,4,제주,103.27,644.0,55376.0
20260305,5,육지,103.35,635.0,55838.0
20260305,5,제주,103.35,635.0,55838.0
20260305,6,육지,103.39,652.0,57537.0
20260305,6,제주,103.39,652.0,57537.0
20260305,7,육지,116.06,689.0,61053.0
20260305,7,제주,116.06,689.0,61053.0
20260305,8,육지,116.29,701.0,65333.0
20260305,8,제주,116.29,701.0,65333.0
20260305,9,육지,120.73,748.0,68397.0
20260305,9,제주,125.37,748.0,68397.0
20260305,10,육지,116.06,756.0,66196.0
20260305,10,제주,116.06,756.0,66196.0
20260305,11,육지,106.29,712.0,62664.0
20260305,11,제주,106.29,712.0,62664.0
20260305,12,육지,106.13,691.0,59912.0
20260305,12,제주,106.13,691.0,59912.0
20260305,13,육지,105.93,660.0,57433.0
20260305,13,제주,105.93,660.0,57433.0
20260305,14,육지,105.86,648.0,61874.0
20260305,14,제주,105.86,648.0,61874.0
20260305,15,육지,112.43,645.0,65268.0
20260305,15,제주,112.43,645.0,65268.0
20260305,16,육지,116.36,668.0,66328.0
20260305,16,제주,116.36,668.0,66328.0
20260305,17,육지,116.36,710.0,67776.0
20260305,17,제주,122.91,710.0,67776.0
20260305,18,육지,116.59,747.0,68110.0
20260305,18,제주,116.59,747.0,68110.0
20260305,19,육지,116.83,794.0,68905.0
20260305,19,제주,116.83,794.0,68905.0
20260305,20,육지,116.69,808.0,68276.0
20260305,20,제주,123.1,808.0,68276.0
20260305,21,육지,116.37,789.0,66341.0
20260305,21,제주,122.46,789.0,66341.0
20260305,22,육지,116.37,762.0,64397.0
20260305,22,제주,122.46,762.0,64397.0
20260305,23,육지,112.16,754.0,63837.0
20260305,23,제주,122.46,754.0,63837.0
20260305,24,육지,116.37,730.0,62766.0
20260305,24,제주,116.37,730.0,62766.0
20260306,1,육지,113.0,692.0,59016.0
20260306,1,제주,113.0,692.0,59016.0
20260306,2,육지,101.71,663.0,56430.0
20260306,2,제주,101.71,663.0,56430.0
20260306,3,육지,101.71,642.0,55115.0
20260306,3,제주,101.71,642.0,55115.0
20260306,4,육지,101.71,628.0,54654.0
20260306,4,제주,101.71,628.0,54654.0
20260306,5,육지,101.71,641.0,55179.0
20260306,5,제주,101.71,641.0,55179.0
20260306,6,육지,101.71,658.0,57038.0
20260306,6,제주,101.71,658.0,57038.0
20260306,7,육지,112.9,700.0,61028.0
20260306,7,제주,112.9,700.0,61028.0
20260306,8,육지,113.68,730.0,66775.0
20260306,8,제주,113.68,730.0,66775.0
20260306,9,육지,126.93,739.0,72198.0
20260306,9,제주,126.93,739.0,72198.0
20260306,10,육지,130.82,743.0,72583.0
20260306,10,제주,130.82,743.0,72583.0
20260306,11,육지,116.17,703.0,70642.0
20260306,11,제주,116.17,703.0,70642.0
20260306,12,육지,114.98,628.0,67822.0
20260306,12,제주,0.0,628.0,67822.0
20260306,13,육지,106.12,584.0,63331.0
20260306,13,제주,0.0,584.0,63331.0
20260306,14,육지,106.12,608.0,64950.0
20260306,14,제주,0.0,608.0,64950.0
20260306,15,육지,106.01,622.0,65400.0
20260306,15,제주,106.01,622.0,65400.0
20260306,16,육지,112.37,649.0,66398.0
20260306,16,제주,112.37,649.0,66398.0
20260306,17,육지,115.26,720.0,67676.0
20260306,17,제주,115.26,720.0,67676.0
20260306,18,육지,115.34,765.0,68028.0
20260306,18,제주,115.34,765.0,68028.0
20260306,19,육지,115.91,821.0,69568.0
20260306,19,제주,115.91,821.0,69568.0
20260306,20,육지,115.92,868.0,68842.0
20260306,20,제주,115.92,868.0,68842.0
20260306,21,육지,115.28,872.0,66757.0
20260306,21,제주,115.28,872.0,66757.0
20260306,22,육지,114.57,847.0,64636.0
20260306,22,제주,114.57,847.0,64636.0
20260306,23,육지,114.66,848.0,64001.0
20260306,23,제주,114.66,848.0,64001.0
20260306,24,육지,114.67,823.0,62666.0
20260306,24,제주,114.67,823.0,62666.0
20260307,1,육지,115.61,720.0,61471.0
20260307,1,제주,115.61,720.0,61471.0
20260307,2,육지,121.51,687.0,58723.0
20260307,2,제주,122.31,687.0,58723.0
20260307,3,육지,121.43,662.0,57605.0
20260307,3,제주,122.31,662.0,57605.0
20260307,4,육지,110.8,647.0,56711.0
20260307,4,제주,110.8,647.0,56711.0
20260307,5,육지,113.66,646.0,56497.0
20260307,5,제주,113.66,646.0,56497.0
20260307,6,육지,113.66,664.0,57365.0
20260307,6,제주,113.66,664.0,57365.0
20260307,7,육지,113.89,705.0,59061.0
20260307,7,제주,113.89,705.0,59061.0
20260307,8,육지,114.69,741.0,59149.0
20260307,8,제주,114.69,741.0,59149.0
20260307,9,육지,113.66,729.0,56358.0
20260307,9,제주,113.66,729.0,56358.0
20260307,10,육지,99.62,715.0,52488.0
20260307,10,제주,99.62,715.0,52488.0
20260307,11,육지,99.83,679.0,49262.0
20260307,11,제주,99.83,679.0,49262.0
20260307,12,육지,98.95,614.0,46084.0
20260307,12,제주,0.0,614.0,46084.0
20260307,13,육지,97.67,567.0,43056.0
20260307,13,제주,0.0,567.0,43056.0
20260307,14,육지,97.83,562.0,43577.0
20260307,14,제주,0.0,562.0,43577.0
20260307,15,육지,97.44,572.0,44955.0
20260307,15,제주,0.0,572.0,44955.0
20260307,16,육지,97.14,580.0,48156.0
20260307,16,제주,0.0,580.0,48156.0
20260307,17,육지,105.89,628.0,53139.0
20260307,17,제주,105.89,628.0,53139.0
20260307,18,육지,116.84,695.0,58897.0
20260307,18,제주,116.84,695.0,58897.0
20260307,19,육지,117.92,757.0,62871.0
20260307,19,제주,117.92,757.0,62871.0
20260307,20,육지,117.71,786.0,62889.0
20260307,20,제주,117.71,786.0,62889.0
20260307,21,육지,117.44,797.0,62338.0
20260307,21,제주,117.44,797.0,62338.0
20260307,22,육지,117.28,775.0,61403.0
20260307,22,제주,117.28,775.0,61403.0
20260307,23,육지,117.82,759.0,62015.0
20260307,23,제주,117.82,759.0,62015.0
20260307,24,육지,116.92,734.0,61515.0
20260307,24,제주,116.92,734.0,61515.0
20260308,1,육지,119.84,720.0,58504.0
20260308,1,제주,119.84,720.0,58504.0
20260308,2,육지,119.74,687.0,56099.0
20260308,2,제주,119.74,687.0,56099.0
20260308,3,육지,112.21,662.0,54351.0
20260308,3,제주,112.21,662.0,54351.0
20260308,4,육지,109.75,647.0,53371.0
20260308,4,제주,109.75,647.0,53371.0
20260308,5,육지,109.75,646.0,53324.0
20260308,5,제주,109.75,646.0,53324.0
20260308,6,육지,109.75,664.0,54079.0
20260308,6,제주,109.75,664.0,54079.0
20260308,7,육지,109.99,705.0,55388.0
20260308,7,제주,109.99,705.0,55388.0
20260308,8,육지,109.88,735.0,55138.0
20260308,8,제주,109.88,735.0,55138.0
20260308,9,육지,106.92,719.0,51263.0
20260308,9,제주,106.92,719.0,51263.0
20260308,10,육지,97.73,692.0,45957.0
20260308,10,제주,97.73,692.0,45957.0
20260308,11,육지,97.8,663.0,43996.0
20260308,11,제주,97.8,663.0,43996.0
20260308,12,육지,97.6,630.0,40873.0
20260308,12,제주,97.6,630.0,40873.0
20260308,13,육지,97.39,597.0,40123.0
20260308,13,제주,97.39,597.0,40123.0
20260308,14,육지,97.89,593.0,41387.0
20260308,14,제주,97.89,593.0,41387.0
20260308,15,육지,97.28,613.0,42766.0
20260308,15,제주,97.28,613.0,42766.0
20260308,16,육지,97.14,622.0,47432.0
20260308,16,제주,97.14,622.0,47432.0
20260308,17,육지,109.66,649.0,52703.0
20260308,17,제주,109.66,649.0,52703.0
20260308,18,육지,112.55,698.0,58757.0
20260308,18,제주,112.55,698.0,58757.0
20260308,19,육지,123.68,757.0,62507.0
20260308,19,제주,123.68,757.0,62507.0
20260308,20,육지,125.49,786.0,62336.0
20260308,20,제주,125.49,786.0,62336.0
20260308,21,육지,132.95,797.0,61508.0
20260308,21,제주,132.95,797.0,61508.0
20260308,22,육지,123.87,775.0,60161.0
20260308,22,제주,123.87,775.0,60161.0
20260308,23,육지,123.87,759.0,59200.0
20260308,23,제주,123.87,759.0,59200.0
20260308,24,육지,123.87,734.0,58349.0
20260308,24,제주,123.87,734.0,58349.0
20260309,1,육지,114.82,720.0,54704.0
20260309,1,제주,124.11,720.0,54704.0
20260309,2,육지,100.82,687.0,52469.0
20260309,2,제주,100.82,687.0,52469.0
20260309,3,육지,100.82,662.0,51781.0
20260309,3,제주,100.82,662.0,51781.0
20260309,4,육지,100.82,647.0,51283.0
20260309,4,제주,100.82,647.0,51283.0
20260309,5,육지,100.82,646.0,52485.0
20260309,5,제주,100.82,646.0,52485.0
20260309,6,육지,102.36,664.0,54584.0
20260309,6,제주,102.36,664.0,54584.0
20260309,7,육지,115.83,705.0,58765.0
20260309,7,제주,115.83,705.0,58765.0
20260309,8,육지,119.59,735.0,65197.0
20260309,8,제주,119.59,735.0,65197.0
20260309,9,육지,119.83,716.0,69380.0
20260309,9,제주,125.97,716.0,69380.0
20260309,10,육지,115.95,680.0,67266.0
20260309,10,제주,115.95,680.0,67266.0
20260309,11,육지,108.0,635.0,63835.0
20260309,11,제주,108.0,635.0,63835.0
20260309,12,육지,102.36,593.0,60184.0
20260309,12,제주,0.0,593.0,60184.0
20260309,13,육지,101.8,564.0,56979.0
20260309,13,제주,0.0,564.0,56979.0
20260309,14,육지,102.36,563.0,59782.0
20260309,14,제주,0.0,563.0,59782.0
20260309,15,육지,106.25,578.0,62314.0
20260309,15,제주,0.0,578.0,62314.0
20260309,16,육지,112.37,616.0,64575.0
20260309,16,제주,0.0,616.0,64575.0
20260309,17,육지,113.12,668.0,67649.0
20260309,17,제주,113.12,668.0,67649.0
20260309,18,육지,114.98,705.0,69284.0
20260309,18,제주,114.98,705.0,69284.0
20260309,19,육지,120.69,757.0,70127.0
20260309,19,제주,120.69,757.0,70127.0
20260309,20,육지,120.69,786.0,69908.0
20260309,20,제주,120.69,786.0,69908.0
20260309,21,육지,120.69,797.0,67444.0
20260309,21,제주,120.69,797.0,67444.0
20260309,22,육지,119.29,775.0,65446.0
20260309,22,제주,119.29,775.0,65446.0
20260309,23,육지,119.61,759.0,64848.0
20260309,23,제주,119.61,759.0,64848.0
20260309,24,육지,120.25,734.0,63824.0
20260309,24,제주,120.25,734.0,63824.0
20260310,1,육지,119.52,786.0,59536.0
20260310,1,제주,119.52,786.0,59536.0
20260310,2,육지,106.03,743.0,57171.0
20260310,2,제주,106.03,743.0,57171.0
20260310,3,육지,106.03,724.0,55803.0
20260310,3,제주,106.03,724.0,55803.0
20260310,4,육지,104.5,716.0,55261.0
20260310,4,제주,104.5,716.0,55261.0
20260310,5,육지,106.03,703.0,55797.0
20260310,5,제주,106.03,703.0,55797.0
20260310,6,육지,108.1,721.0,57658.0
20260310,6,제주,108.1,721.0,57658.0
20260310,7,육지,115.97,774.0,61455.0
20260310,7,제주,115.97,774.0,61455.0
20260310,8,육지,116.24,761.0,65841.0
20260310,8,제주,116.24,761.0,65841.0
20260310,9,육지,119.6,777.0,67981.0
20260310,9,제주,119.6,777.0,67981.0
20260310,10,육지,116.02,736.0,65402.0
20260310,10,제주,116.02,736.0,65402.0
20260310,11,육지,105.8,678.0,61358.0
20260310,11,제주,105.8,678.0,61358.0
20260310,12,육지,101.63,610.0,57435.0
20260310,12,제주,0.0,610.0,57435.0
20260310,13,육지,101.59,579.0,53439.0
20260310,13,제주,0.0,579.0,53439.0
20260310,14,육지,101.54,600.0,55692.0
20260310,14,제주,0.0,600.0,55692.0
20260310,15,육지,101.54,600.0,57414.0
20260310,15,제주,101.54,600.0,57414.0
20260310,16,육지,101.54,625.0,60070.0
20260310,16,제주,101.54,625.0,60070.0
20260310,17,육지,109.96,696.0,64392.0
20260310,17,제주,109.96,696.0,64392.0
20260310,18,육지,115.22,763.0,68169.0
20260310,18,제주,115.22,763.0,68169.0
20260310,19,육지,122.02,837.0,71024.0
20260310,19,제주,122.02,837.0,71024.0
20260310,20,육지,122.02,878.0,70102.0
20260310,20,제주,122.43,878.0,70102.0
20260310,21,육지,121.72,879.0,67759.0
20260310,21,제주,122.43,879.0,67759.0
20260310,22,육지,121.72,858.0,65605.0
20260310,22,제주,122.43,858.0,65605.0
20260310,23,육지,121.76,838.0,65056.0
20260310,23,제주,122.43,838.0,65056.0
20260310,24,육지,115.17,815.0,63879.0
20260310,24,제주,115.17,815.0,63879.0
20260311,1,육지,119.52,753.0,59620.0
20260311,1,제주,119.52,753.0,59620.0
20260311,2,육지,116.69,712.0,57164.0
20260311,2,제주,116.69,712.0,57164.0
20260311,3,육지,105.54,693.0,55744.0
20260311,3,제주,119.76,693.0,55744.0
20260311,4,육지,105.54,686.0,55181.0
20260311,4,제주,119.76,686.0,55181.0
20260311,5,육지,105.54,678.0,55732.0
20260311,5,제주,119.76,678.0,55732.0
20260311,6,육지,105.54,695.0,57662.0
20260311,6,제주,119.76,695.0,57662.0
20260311,7,육지,114.05,747.0,61550.0
20260311,7,제주,119.76,747.0,61550.0
20260311,8,육지,115.91,745.0,66741.0
20260311,8,제주,119.76,745.0,66741.0
20260311,9,육지,127.03,758.0,70205.0
20260311,9,제주,127.03,758.0,70205.0
20260311,10,육지,117.75,718.0,68842.0
20260311,10,제주,119.6,718.0,68842.0
20260311,11,육지,114.16,711.0,65354.0
20260311,11,제주,114.16,711.0,65354.0
20260311,12,육지,129.57,647.0,61859.0
20260311,12,제주,121.01,647.0,61859.0
20260311,13,육지,106.29,623.0,58376.0
20260311,13,제주,106.29,623.0,58376.0
20260311,14,육지,106.29,636.0,60961.0
20260311,14,제주,106.29,636.0,60961.0
20260311,15,육지,119.46,655.0,62304.0
20260311,15,제주,119.46,655.0,62304.0
20260311,16,육지,119.46,681.0,63963.0
20260311,16,제주,120.99,681.0,63963.0
20260311,17,육지,116.82,726.0,66892.0
20260311,17,제주,119.95,726.0,66892.0
20260311,18,육지,119.54,772.0,69069.0
20260311,18,제주,119.98,772.0,69069.0
20260311,19,육지,123.3,842.0,71267.0
20260311,19,제주,123.3,842.0,71267.0
20260311,20,육지,123.66,879.0,70544.0
20260311,20,제주,123.66,879.0,70544.0
20260311,21,육지,122.11,880.0,68116.0
20260311,21,제주,122.11,880.0,68116.0
20260311,22,육지,122.15,860.0,65881.0
20260311,22,제주,122.15,860.0,65881.0
20260311,23,육지,121.96,836.0,65316.0
20260311,23,제주,121.96,836.0,65316.0
20260311,24,육지,114.47,812.0,64094.0
20260311,24,제주,114.47,812.0,64094.0
20260312,1,육지,119.52,757.0,59783.0
20260312,1,제주,119.52,757.0,59783.0
20260312,2,육지,116.79,723.0,57096.0
20260312,2,제주,116.79,723.0,57096.0
20260312,3,육지,108.64,701.0,55749.0
20260312,3,제주,108.64,701.0,55749.0
20260312,4,육지,108.74,690.0,55339.0
20260312,4,제주,108.74,690.0,55339.0
20260312,5,육지,108.74,680.0,56021.0
20260312,5,제주,108.74,680.0,56021.0
20260312,6,육지,113.12,699.0,57745.0
20260312,6,제주,113.12,699.0,57745.0
20260312,7,육지,116.76,745.0,61750.0
20260312,7,제주,120.26,745.0,61750.0
20260312,8,육지,132.92,785.0,66343.0
20260312,8,제주,132.92,785.0,66343.0
20260312,9,육지,132.92,769.0,70420.0
20260312,9,제주,132.92,769.0,70420.0
20260312,10,육지,132.92,728.0,68318.0
20260312,10,제주,132.92,728.0,68318.0
20260312,11,육지,132.9,700.0,64561.0
20260312,11,제주,119.61,700.0,64561.0
20260312,12,육지,108.83,637.0,60909.0
20260312,12,제주,108.83,637.0,60909.0
20260312,13,육지,108.81,606.0,57820.0
20260312,13,제주,0.0,606.0,57820.0
20260312,14,육지,108.83,609.0,61177.0
20260312,14,제주,0.0,609.0,61177.0
20260312,15,육지,108.83,614.0,62283.0
20260312,15,제주,108.83,614.0,62283.0
20260312,16,육지,132.9,633.0,63752.0
20260312,16,제주,132.9,633.0,63752.0
20260312,17,육지,132.92,684.0,65694.0
20260312,17,제주,121.27,684.0,65694.0
20260312,18,육지,132.92,747.0,67462.0
20260312,18,제주,132.92,747.0,67462.0
20260312,19,육지,132.92,825.0,69673.0
20260312,19,제주,132.92,825.0,69673.0
20260312,20,육지,132.91,858.0,69112.0
20260312,20,제주,132.91,858.0,69112.0
20260312,21,육지,121.07,868.0,66878.0
20260312,21,제주,121.07,868.0,66878.0
20260312,22,육지,120.75,851.0,64914.0
20260312,22,제주,120.75,851.0,64914.0
20260312,23,육지,121.03,822.0,64323.0
20260312,23,제주,121.03,822.0,64323.0
20260312,24,육지,114.34,791.0,63066.0
20260312,24,제주,114.34,791.0,63066.0
20260313,1,육지,116.81,722.0,58725.0
20260313,1,제주,116.81,722.0,58725.0
20260313,2,육지,110.07,688.0,56147.0
20260313,2,제주,110.07,688.0,56147.0
20260313,3,육지,110.07,668.0,55068.0
20260313,3,제주,110.07,668.0,55068.0
20260313,4,육지,105.04,662.0,54717.0
20260313,4,제주,105.04,662.0,54717.0
20260313,5,육지,110.09,671.0,55074.0
20260313,5,제주,110.09,671.0,55074.0
20260313,6,육지,114.01,693.0,56980.0
20260313,6,제주,114.01,693.0,56980.0
20260313,7,육지,114.48,739.0,60875.0
20260313,7,제주,114.48,739.0,60875.0
20260313,8,육지,124.82,790.0,64585.0
20260313,8,제주,124.82,790.0,64585.0
20260313,9,육지,124.78,759.0,66901.0
20260313,9,제주,124.78,759.0,66901.0
20260313,10,육지,114.42,709.0,64155.0
20260313,10,제주,114.42,709.0,64155.0
20260313,11,육지,104.5,675.0,60346.0
20260313,11,제주,104.5,675.0,60346.0
20260313,12,육지,104.35,617.0,56711.0
20260313,12,제주,0.0,617.0,56711.0
20260313,13,육지,103.43,586.0,53125.0
20260313,13,제주,0.0,586.0,53125.0
20260313,14,육지,103.43,605.0,55285.0
20260313,14,제주,0.0,605.0,55285.0
20260313,15,육지,103.43,601.0,56446.0
20260313,15,제주,0.0,601.0,56446.0
20260313,16,육지,103.43,619.0,58805.0
20260313,16,제주,103.43,619.0,58805.0
20260313,17,육지,110.04,663.0,62942.0
20260313,17,제주,110.04,663.0,62942.0
20260313,18,육지,114.67,731.0,66316.0
20260313,18,제주,114.67,731.0,66316.0
20260313,19,육지,125.25,810.0,68429.0
20260313,19,제주,125.25,810.0,68429.0
20260313,20,육지,125.38,852.0,67823.0
20260313,20,제주,125.38,852.0,67823.0
20260313,21,육지,115.22,862.0,66068.0
20260313,21,제주,120.67,862.0,66068.0
20260313,22,육지,115.2,836.0,64155.0
20260313,22,제주,120.8,836.0,64155.0
20260313,23,육지,115.2,820.0,63606.0
20260313,23,제주,120.67,820.0,63606.0
20260313,24,육지,114.61,792.0,62513.0
20260313,24,제주,120.67,792.0,62513.0
20260314,1,육지,131.51,754.0,58780.0
20260314,1,제주,131.51,754.0,58780.0
20260314,2,육지,119.9,722.0,56275.0
20260314,2,제주,119.9,722.0,56275.0
20260314,3,육지,119.9,703.0,54765.0
20260314,3,제주,119.9,703.0,54765.0
20260314,4,육지,118.06,695.0,53821.0
20260314,4,제주,118.06,695.0,53821.0
20260314,5,육지,119.85,698.0,54107.0
20260314,5,제주,119.85,698.0,54107.0
20260314,6,육지,124.06,720.0,55200.0
20260314,6,제주,124.06,720.0,55200.0
20260314,7,육지,124.06,761.0,56430.0
20260314,7,제주,124.06,761.0,56430.0
20260314,8,육지,124.06,777.0,56817.0
20260314,8,제주,124.06,777.0,56817.0
20260314,9,육지,109.47,737.0,55362.0
20260314,9,제주,109.47,737.0,55362.0
20260314,10,육지,109.03,696.0,53610.0
20260314,10,제주,109.03,696.0,53610.0
20260314,11,육지,102.35,673.0,51867.0
20260314,11,제주,102.35,673.0,51867.0
20260314,12,육지,101.47,626.0,49745.0
20260314,12,제주,101.47,626.0,49745.0
20260314,13,육지,101.47,593.0,46920.0
20260314,13,제주,101.47,593.0,46920.0
20260314,14,육지,101.95,606.0,47293.0
20260314,14,제주,101.95,606.0,47293.0
20260314,15,육지,101.47,611.0,48452.0
20260314,15,제주,101.47,611.0,48452.0
20260314,16,육지,101.47,636.0,50535.0
20260314,16,제주,101.47,636.0,50535.0
20260314,17,육지,110.23,670.0,53855.0
20260314,17,제주,110.23,670.0,53855.0
20260314,18,육지,120.76,730.0,56957.0
20260314,18,제주,120.76,730.0,56957.0
20260314,19,육지,120.76,807.0,59932.0
20260314,19,제주,120.76,807.0,59932.0
20260314,20,육지,120.91,852.0,60293.0
20260314,20,제주,121.12,852.0,60293.0
20260314,21,육지,120.77,864.0,59393.0
20260314,21,제주,120.77,864.0,59393.0
20260314,22,육지,120.77,838.0,57990.0
20260314,22,제주,120.77,838.0,57990.0
20260314,23,육지,121.2,824.0,58083.0
20260314,23,제주,121.2,824.0,58083.0
20260314,24,육지,120.77,791.0,57710.0
20260314,24,제주,120.77,791.0,57710.0
20260315,1,육지,122.04,784.0,53748.0
20260315,1,제주,122.04,784.0,53748.0
20260315,2,육지,116.16,767.0,51540.0
20260315,2,제주,118.32,767.0,51540.0
20260315,3,육지,106.03,752.0,50013.0
20260315,3,제주,118.32,752.0,50013.0
20260315,4,육지,105.45,739.0,49348.0
20260315,4,제주,105.45,739.0,49348.0
20260315,5,육지,105.45,736.0,49481.0
20260315,5,제주,105.45,736.0,49481.0
20260315,6,육지,108.99,745.0,50471.0
20260315,6,제주,108.99,745.0,50471.0
20260315,7,육지,114.35,763.0,51522.0
20260315,7,제주,114.35,763.0,51522.0
20260315,8,육지,114.35,734.0,51637.0
20260315,8,제주,114.35,734.0,51637.0
20260315,9,육지,111.12,681.0,49149.0
20260315,9,제주,111.12,681.0,49149.0
20260315,10,육지,97.67,636.0,46061.0
20260315,10,제주,97.67,636.0,46061.0
20260315,11,육지,97.05,579.0,44653.0
20260315,11,제주,97.05,579.0,44653.0
20260315,12,육지,95.92,525.0,43596.0
20260315,12,제주,95.92,525.0,43596.0
20260315,13,육지,93.74,519.0,42282.0
20260315,13,제주,93.74,519.0,42282.0
20260315,14,육지,89.14,531.0,42583.0
20260315,14,제주,89.14,531.0,42583.0
20260315,15,육지,93.34,554.0,44208.0
20260315,15,제주,93.34,554.0,44208.0
20260315,16,육지,98.09,594.0,46739.0
20260315,16,제주,98.09,594.0,46739.0
20260315,17,육지,104.09,664.0,50063.0
20260315,17,제주,104.09,664.0,50063.0
20260315,18,육지,113.87,729.0,54503.0
20260315,18,제주,113.87,729.0,54503.0
20260315,19,육지,114.81,809.0,57494.0
20260315,19,제주,114.81,809.0,57494.0
20260315,20,육지,115.3,853.0,58520.0
20260315,20,제주,115.3,853.0,58520.0
20260315,21,육지,115.26,848.0,58352.0
20260315,21,제주,115.26,848.0,58352.0
20260315,22,육지,115.07,832.0,57402.0
20260315,22,제주,115.07,832.0,57402.0
20260315,23,육지,115.15,813.0,57135.0
20260315,23,제주,115.15,813.0,57135.0
20260315,24,육지,114.55,776.0,56054.0
20260315,24,제주,114.55,776.0,56054.0
20260316,1,육지,115.25,741.0,52843.0
20260316,1,제주,115.25,741.0,52843.0
20260316,2,육지,102.4,702.0,50483.0
20260316,2,제주,102.4,702.0,50483.0
20260316,3,육지,99.77,685.0,49625.0
20260316,3,제주,99.77,685.0,49625.0
20260316,4,육지,99.77,673.0,49362.0
20260316,4,제주,99.77,673.0,49362.0
20260316,5,육지,99.77,669.0,50309.0
20260316,5,제주,99.77,669.0,50309.0
20260316,6,육지,102.44,688.0,52668.0
20260316,6,제주,102.44,688.0,52668.0
20260316,7,육지,114.16,727.0,56999.0
20260316,7,제주,114.16,727.0,56999.0
20260316,8,육지,116.33,763.0,62857.0
20260316,8,제주,116.33,763.0,62857.0
20260316,9,육지,121.74,754.0,66590.0
20260316,9,제주,121.81,754.0,66590.0
20260316,10,육지,121.68,727.0,65616.0
20260316,10,제주,121.81,727.0,65616.0
20260316,11,육지,116.13,694.0,63375.0
20260316,11,제주,116.13,694.0,63375.0
20260316,12,육지,107.04,670.0,59799.0
20260316,12,제주,107.04,670.0,59799.0
20260316,13,육지,103.64,644.0,56298.0
20260316,13,제주,103.64,644.0,56298.0
20260316,14,육지,105.84,677.0,58860.0
20260316,14,제주,105.84,677.0,58860.0
20260316,15,육지,106.8,677.0,59992.0
20260316,15,제주,106.8,677.0,59992.0
20260316,16,육지,111.57,710.0,61722.0
20260316,16,제주,111.57,710.0,61722.0
20260316,17,육지,112.37,734.0,64547.0
20260316,17,제주,112.37,734.0,64547.0
20260316,18,육지,117.04,759.0,66283.0
20260316,18,제주,117.04,759.0,66283.0
20260316,19,육지,179.89,845.0,68394.0
20260316,19,제주,179.89,845.0,68394.0
20260316,20,육지,118.92,898.0,68214.0
20260316,20,제주,125.14,898.0,68214.0
20260316,21,육지,116.85,884.0,65754.0
20260316,21,제주,125.14,884.0,65754.0
20260316,22,육지,116.85,861.0,63693.0
20260316,22,제주,125.14,861.0,63693.0
20260316,23,육지,116.85,836.0,63148.0
20260316,23,제주,120.53,836.0,63148.0
20260316,24,육지,116.76,812.0,62124.0
20260316,24,제주,120.53,812.0,62124.0
20260317,1,육지,112.19,746.0,57980.0
20260317,1,제주,120.59,746.0,57980.0
20260317,2,육지,112.14,714.0,55511.0
20260317,2,제주,119.92,714.0,55511.0
20260317,3,육지,97.92,695.0,54431.0
20260317,3,제주,97.92,695.0,54431.0
20260317,4,육지,96.45,685.0,54065.0
20260317,4,제주,96.45,685.0,54065.0
20260317,5,육지,96.45,685.0,54259.0
20260317,5,제주,96.45,685.0,54259.0
20260317,6,육지,102.08,707.0,55961.0
20260317,6,제주,119.92,707.0,55961.0
20260317,7,육지,108.32,748.0,59904.0
20260317,7,제주,119.92,748.0,59904.0
20260317,8,육지,116.04,748.0,64044.0
20260317,8,제주,119.92,748.0,64044.0
20260317,9,육지,115.86,713.0,65408.0
20260317,9,제주,115.86,713.0,65408.0
20260317,10,육지,109.45,685.0,62514.0
20260317,10,제주,109.45,685.0,62514.0
20260317,11,육지,97.92,683.0,58570.0
20260317,11,제주,97.92,683.0,58570.0
20260317,12,육지,97.46,625.0,54794.0
20260317,12,제주,97.46,625.0,54794.0
20260317,13,육지,59.59,594.0,50243.0
20260317,13,제주,59.59,594.0,50243.0
20260317,14,육지,76.74,594.0,52556.0
20260317,14,제주,76.74,594.0,52556.0
20260317,15,육지,76.38,612.0,54284.0
20260317,15,제주,76.38,612.0,54284.0
20260317,16,육지,77.94,645.0,56603.0
20260317,16,제주,77.94,645.0,56603.0
20260317,17,육지,105.96,686.0,60830.0
20260317,17,제주,105.96,686.0,60830.0
20260317,18,육지,115.94,733.0,64596.0
20260317,18,제주,115.94,733.0,64596.0
20260317,19,육지,120.51,786.0,68095.0
20260317,19,제주,120.51,786.0,68095.0
20260317,20,육지,120.45,829.0,67518.0
20260317,20,제주,122.0,829.0,67518.0
20260317,21,육지,116.02,829.0,65444.0
20260317,21,제주,121.87,829.0,65444.0
20260317,22,육지,115.8,802.0,63342.0
20260317,22,제주,121.87,802.0,63342.0
20260317,23,육지,115.75,786.0,62750.0
20260317,23,제주,121.87,786.0,62750.0
20260317,24,육지,115.84,762.0,61281.0
20260317,24,제주,121.19,762.0,61281.0
20260318,1,육지,111.73,704.0,57444.0
20260318,1,제주,124.85,704.0,57444.0
20260318,2,육지,97.28,676.0,54799.0
20260318,2,제주,97.28,676.0,54799.0
20260318,3,육지,97.28,658.0,53781.0
20260318,3,제주,97.28,658.0,53781.0
20260318,4,육지,97.28,650.0,53049.0
20260318,4,제주,97.28,650.0,53049.0
20260318,5,육지,97.28,652.0,53721.0
20260318,5,제주,97.28,652.0,53721.0
20260318,6,육지,97.28,672.0,55688.0
20260318,6,제주,97.28,672.0,55688.0
20260318,7,육지,102.22,710.0,59137.0
20260318,7,제주,102.22,710.0,59137.0
20260318,8,육지,109.45,780.0,64057.0
20260318,8,제주,109.45,780.0,64057.0
20260318,9,육지,118.4,767.0,70594.0
20260318,9,제주,118.59,767.0,70594.0
20260318,10,육지,147.55,778.0,72537.0
20260318,10,제주,147.55,778.0,72537.0
20260318,11,육지,129.04,777.0,71933.0
20260318,11,제주,129.04,777.0,71933.0
20260318,12,육지,125.77,763.0,70257.0
20260318,12,제주,125.77,763.0,70257.0
20260318,13,육지,114.6,747.0,67384.0
20260318,13,제주,118.39,747.0,67384.0
20260318,14,육지,121.3,709.0,69440.0
20260318,14,제주,121.3,709.0,69440.0
20260318,15,육지,121.3,716.0,69492.0
20260318,15,제주,121.3,716.0,69492.0
20260318,16,육지,121.27,725.0,69444.0
20260318,16,제주,121.27,725.0,69444.0
20260318,17,육지,120.45,746.0,69252.0
20260318,17,제주,120.45,746.0,69252.0
20260318,18,육지,120.45,796.0,68275.0
20260318,18,제주,120.45,796.0,68275.0
20260318,19,육지,114.6,853.0,68679.0
20260318,19,제주,114.6,853.0,68679.0
20260318,20,육지,114.6,854.0,68083.0
20260318,20,제주,114.6,854.0,68083.0
20260318,21,육지,114.4,855.0,66275.0
20260318,21,제주,114.4,855.0,66275.0
20260318,22,육지,112.61,828.0,63813.0
20260318,22,제주,112.61,828.0,63813.0
20260318,23,육지,112.61,842.0,63007.0
20260318,23,제주,112.61,842.0,63007.0
20260318,24,육지,119.32,817.0,61503.0
20260318,24,제주,119.32,817.0,61503.0
20260319,1,육지,111.44,743.0,58134.0
20260319,1,제주,111.44,743.0,58134.0
20260319,2,육지,104.65,711.0,55927.0
20260319,2,제주,104.65,711.0,55927.0
20260319,3,육지,110.54,687.0,54655.0
20260319,3,제주,110.54,687.0,54655.0
20260319,4,육지,104.73,675.0,54155.0
20260319,4,제주,104.73,675.0,54155.0
20260319,5,육지,110.42,687.0,54708.0
20260319,5,제주,110.42,687.0,54708.0
20260319,6,육지,110.65,709.0,56788.0
20260319,6,제주,110.65,709.0,56788.0
20260319,7,육지,116.29,751.0,60686.0
20260319,7,제주,116.29,751.0,60686.0
20260319,8,육지,116.75,745.0,64722.0
20260319,8,제주,116.75,745.0,64722.0
20260319,9,육지,116.46,700.0,66600.0
20260319,9,제주,116.46,700.0,66600.0
20260319,10,육지,113.35,666.0,63466.0
20260319,10,제주,113.35,666.0,63466.0
20260319,11,육지,101.64,614.0,59654.0
20260319,11,제주,101.64,614.0,59654.0
20260319,12,육지,100.96,569.0,54994.0
20260319,12,제주,100.96,569.0,54994.0
20260319,13,육지,89.09,536.0,50752.0
20260319,13,제주,-48.0,536.0,50752.0
20260319,14,육지,89.09,554.0,52530.0
20260319,14,제주,0.0,554.0,52530.0
20260319,15,육지,92.02,572.0,54942.0
20260319,15,제주,0.0,572.0,54942.0
20260319,16,육지,101.18,605.0,58698.0
20260319,16,제주,101.18,605.0,58698.0
20260319,17,육지,112.36,674.0,62965.0
20260319,17,제주,112.36,674.0,62965.0
20260319,18,육지,115.45,744.0,65837.0
20260319,18,제주,115.45,744.0,65837.0
20260319,19,육지,120.5,810.0,68549.0
20260319,19,제주,120.5,810.0,68549.0
20260319,20,육지,120.5,839.0,68462.0
20260319,20,제주,120.5,839.0,68462.0
20260319,21,육지,120.1,827.0,66444.0
20260319,21,제주,120.1,827.0,66444.0
20260319,22,육지,120.16,801.0,64358.0
20260319,22,제주,120.16,801.0,64358.0
20260319,23,육지,120.2,808.0,63321.0
20260319,23,제주,120.2,808.0,63321.0
20260319,24,육지,119.37,783.0,61779.0
20260319,24,제주,119.37,783.0,61779.0
20260320,1,육지,115.29,731.0,58517.0
20260320,1,제주,115.29,731.0,58517.0
20260320,2,육지,114.94,695.0,56214.0
20260320,2,제주,114.94,695.0,56214.0
20260320,3,육지,104.62,669.0,54683.0
20260320,3,제주,104.62,669.0,54683.0
20260320,4,육지,104.69,658.0,54255.0
20260320,4,제주,104.69,658.0,54255.0
20260320,5,육지,106.12,663.0,54800.0
20260320,5,제주,106.12,663.0,54800.0
20260320,6,육지,106.44,685.0,56939.0
20260320,6,제주,106.44,685.0,56939.0
20260320,7,육지,117.51,726.0,60888.0
20260320,7,제주,117.51,726.0,60888.0
20260320,8,육지,117.97,714.0,64139.0
20260320,8,제주,117.97,714.0,64139.0
20260320,9,육지,117.5,723.0,65950.0
20260320,9,제주,117.5,723.0,65950.0
20260320,10,육지,108.09,700.0,63078.0
20260320,10,제주,108.09,700.0,63078.0
20260320,11,육지,100.82,656.0,58785.0
20260320,11,제주,100.82,656.0,58785.0
20260320,12,육지,93.56,597.0,53850.0
20260320,12,제주,93.56,597.0,53850.0
20260320,13,육지,58.73,567.0,49566.0
20260320,13,제주,0.0,567.0,49566.0
20260320,14,육지,73.97,576.0,51453.0
20260320,14,제주,0.0,576.0,51453.0
20260320,15,육지,76.85,603.0,52835.0
20260320,15,제주,76.85,603.0,52835.0
20260320,16,육지,86.43,643.0,55609.0
20260320,16,제주,86.43,643.0,55609.0
20260320,17,육지,105.87,702.0,59878.0
20260320,17,제주,105.87,702.0,59878.0
20260320,18,육지,115.2,759.0,63885.0
20260320,18,제주,115.2,759.0,63885.0
20260320,19,육지,115.85,814.0,67800.0
20260320,19,제주,115.85,814.0,67800.0
20260320,20,육지,115.82,830.0,67637.0
20260320,20,제주,115.82,830.0,67637.0
20260320,21,육지,115.46,831.0,65562.0
20260320,21,제주,126.28,831.0,65562.0
20260320,22,육지,115.2,809.0,63788.0
20260320,22,제주,126.28,809.0,63788.0
20260320,23,육지,115.2,796.0,62886.0
20260320,23,제주,126.28,796.0,62886.0
20260320,24,육지,118.68,771.0,61635.0
20260320,24,제주,126.28,771.0,61635.0
20260321,1,육지,131.51,787.0,57241.0
20260321,1,제주,131.51,787.0,57241.0
20260321,2,육지,117.79,728.0,54946.0
20260321,2,제주,120.06,728.0,54946.0
20260321,3,육지,117.73,693.0,53382.0
20260321,3,제주,120.06,693.0,53382.0
20260321,4,육지,111.4,684.0,52864.0
20260321,4,제주,120.06,684.0,52864.0
20260321,5,육지,117.76,700.0,53035.0
20260321,5,제주,120.06,700.0,53035.0
20260321,6,육지,117.78,717.0,53837.0
20260321,6,제주,120.06,717.0,53837.0
20260321,7,육지,117.78,716.0,55465.0
20260321,7,제주,120.06,716.0,55465.0
20260321,8,육지,117.78,714.0,54128.0
20260321,8,제주,117.78,714.0,54128.0
20260321,9,육지,106.45,687.0,50322.0
20260321,9,제주,106.45,687.0,50322.0
20260321,10,육지,97.06,646.0,46243.0
20260321,10,제주,97.06,646.0,46243.0
20260321,11,육지,98.55,566.0,44215.0
20260321,11,제주,98.55,566.0,44215.0
20260321,12,육지,98.07,526.0,40605.0
20260321,12,제주,98.07,526.0,40605.0
20260321,13,육지,98.03,500.0,38422.0
20260321,13,제주,0.0,500.0,38422.0
20260321,14,육지,97.44,513.0,39248.0
20260321,14,제주,0.0,513.0,39248.0
20260321,15,육지,97.42,540.0,40632.0
20260321,15,제주,97.42,540.0,40632.0
20260321,16,육지,89.18,579.0,43368.0
20260321,16,제주,89.18,579.0,43368.0
20260321,17,육지,103.76,640.0,47356.0
20260321,17,제주,103.76,640.0,47356.0
20260321,18,육지,120.1,725.0,52867.0
20260321,18,제주,120.1,725.0,52867.0
20260321,19,육지,120.11,779.0,57454.0
20260321,19,제주,120.11,779.0,57454.0
20260321,20,육지,120.12,850.0,57832.0
20260321,20,제주,125.36,850.0,57832.0
20260321,21,육지,120.13,853.0,57268.0
20260321,21,제주,126.33,853.0,57268.0
20260321,22,육지,120.13,832.0,56301.0
20260321,22,제주,126.33,832.0,56301.0
20260321,23,육지,120.13,815.0,56066.0
20260321,23,제주,126.33,815.0,56066.0
20260321,24,육지,120.13,787.0,55539.0
20260321,24,제주,125.36,787.0,55539.0
20260322,1,육지,118.78,712.0,52343.0
20260322,1,제주,124.09,712.0,52343.0
20260322,2,육지,111.27,679.0,50077.0
20260322,2,제주,124.09,679.0,50077.0
20260322,3,육지,109.3,658.0,48859.0
20260322,3,제주,124.09,658.0,48859.0
20260322,4,육지,109.16,648.0,48039.0
20260322,4,제주,124.09,648.0,48039.0
20260322,5,육지,109.15,652.0,48104.0
20260322,5,제주,124.09,652.0,48104.0
20260322,6,육지,109.3,674.0,48609.0
20260322,6,제주,124.09,674.0,48609.0
20260322,7,육지,109.3,716.0,49357.0
20260322,7,제주,124.09,716.0,49357.0
20260322,8,육지,109.1,728.0,49094.0
20260322,8,제주,124.09,728.0,49094.0
20260322,9,육지,90.28,722.0,45936.0
20260322,9,제주,90.28,722.0,45936.0
20260322,10,육지,87.09,703.0,42583.0
20260322,10,제주,87.09,703.0,42583.0
20260322,11,육지,97.87,667.0,40716.0
20260322,11,제주,97.87,667.0,40716.0
20260322,12,육지,98.41,613.0,38999.0
20260322,12,제주,98.41,613.0,38999.0
20260322,13,육지,98.19,583.0,38802.0
20260322,13,제주,98.19,583.0,38802.0
20260322,14,육지,98.18,615.0,39437.0
20260322,14,제주,98.18,615.0,39437.0
20260322,15,육지,97.33,638.0,41498.0
20260322,15,제주,97.33,638.0,41498.0
20260322,16,육지,81.18,689.0,44100.0
20260322,16,제주,81.18,689.0,44100.0
20260322,17,육지,100.56,745.0,48090.0
20260322,17,제주,100.56,745.0,48090.0
20260322,18,육지,117.33,766.0,52676.0
20260322,18,제주,125.64,766.0,52676.0
20260322,19,육지,117.85,805.0,56356.0
20260322,19,제주,125.78,805.0,56356.0
20260322,20,육지,118.33,850.0,57632.0
20260322,20,제주,125.78,850.0,57632.0
20260322,21,육지,117.96,853.0,57451.0
20260322,21,제주,125.78,853.0,57451.0
20260322,22,육지,117.85,832.0,56031.0
20260322,22,제주,125.78,832.0,56031.0
20260322,23,육지,117.8,815.0,55239.0
20260322,23,제주,125.78,815.0,55239.0
20260322,24,육지,117.43,787.0,53903.0
20260322,24,제주,125.78,787.0,53903.0
20260323,1,육지,117.53,665.0,51135.0
20260323,1,제주,117.53,665.0,51135.0
20260323,2,육지,103.45,632.0,49085.0
20260323,2,제주,103.45,632.0,49085.0
20260323,3,육지,99.4,615.0,48086.0
20260323,3,제주,99.4,615.0,48086.0
20260323,4,육지,93.82,606.0,47898.0
20260323,4,제주,93.82,606.0,47898.0
20260323,5,육지,97.8,626.0,48579.0
20260323,5,제주,97.8,626.0,48579.0
20260323,6,육지,103.5,645.0,50967.0
20260323,6,제주,103.5,645.0,50967.0
20260323,7,육지,108.53,681.0,54860.0
20260323,7,제주,108.53,681.0,54860.0
20260323,8,육지,121.91,708.0,59575.0
20260323,8,제주,121.91,708.0,59575.0
20260323,9,육지,121.87,689.0,62447.0
20260323,9,제주,121.87,689.0,62447.0
20260323,10,육지,109.63,667.0,59338.0
20260323,10,제주,109.63,667.0,59338.0
20260323,11,육지,109.21,615.0,55697.0
20260323,11,제주,109.21,615.0,55697.0
20260323,12,육지,80.06,574.0,52026.0
20260323,12,제주,80.06,574.0,52026.0
20260323,13,육지,69.75,540.0,48360.0
20260323,13,제주,0.0,540.0,48360.0
20260323,14,육지,80.06,549.0,50837.0
20260323,14,제주,0.0,549.0,50837.0
20260323,15,육지,80.06,568.0,52668.0
20260323,15,제주,80.06,568.0,52668.0
20260323,16,육지,80.06,604.0,55605.0
20260323,16,제주,80.06,604.0,55605.0
20260323,17,육지,105.98,682.0,59677.0
20260323,17,제주,105.98,682.0,59677.0
20260323,18,육지,136.64,731.0,63076.0
20260323,18,제주,136.64,731.0,63076.0
20260323,19,육지,136.65,804.0,66208.0
20260323,19,제주,136.65,804.0,66208.0
20260323,20,육지,117.3,876.0,66383.0
20260323,20,제주,117.3,876.0,66383.0
20260323,21,육지,117.1,862.0,64211.0
20260323,21,제주,121.05,862.0,64211.0
20260323,22,육지,117.1,838.0,62479.0
20260323,22,제주,121.11,838.0,62479.0
20260323,23,육지,119.63,820.0,61590.0
20260323,23,제주,121.11,820.0,61590.0
20260323,24,육지,119.63,801.0,60263.0
20260323,24,제주,119.63,801.0,60263.0
20260324,1,육지,111.45,685.0,55737.0
20260324,1,제주,123.23,685.0,55737.0
20260324,2,육지,111.48,648.0,53791.0
20260324,2,제주,111.48,648.0,53791.0
20260324,3,육지,101.98,624.0,52669.0
20260324,3,제주,101.98,624.0,52669.0
20260324,4,육지,101.98,612.0,51929.0
20260324,4,제주,101.98,612.0,51929.0
20260324,5,육지,102.07,599.0,52624.0
20260324,5,제주,102.07,599.0,52624.0
20260324,6,육지,102.16,610.0,54687.0
20260324,6,제주,102.16,610.0,54687.0
20260324,7,육지,120.13,656.0,58204.0
20260324,7,제주,126.28,656.0,58204.0
20260324,8,육지,120.13,706.0,61202.0
20260324,8,제주,126.18,706.0,61202.0
20260324,9,육지,133.71,671.0,62907.0
20260324,9,제주,133.71,671.0,62907.0
20260324,10,육지,109.44,650.0,60381.0
20260324,10,제주,109.44,650.0,60381.0
20260324,11,육지,96.74,627.0,57567.0
20260324,11,제주,96.74,627.0,57567.0
20260324,12,육지,96.74,576.0,55238.0
20260324,12,제주,96.74,576.0,55238.0
20260324,13,육지,81.58,543.0,53553.0
20260324,13,제주,81.58,543.0,53553.0
20260324,14,육지,97.51,578.0,56736.0
20260324,14,제주,97.51,578.0,56736.0
20260324,15,육지,98.51,602.0,59433.0
20260324,15,제주,98.51,602.0,59433.0
20260324,16,육지,111.03,632.0,61755.0
20260324,16,제주,111.03,632.0,61755.0
20260324,17,육지,113.81,679.0,63596.0
20260324,17,제주,113.81,679.0,63596.0
20260324,18,육지,133.7,718.0,64691.0
20260324,18,제주,133.7,718.0,64691.0
20260324,19,육지,133.7,785.0,66732.0
20260324,19,제주,133.7,785.0,66732.0
20260324,20,육지,133.69,822.0,66568.0
20260324,20,제주,133.69,822.0,66568.0
20260324,21,육지,122.57,830.0,65183.0
20260324,21,제주,122.57,830.0,65183.0
20260324,22,육지,122.51,818.0,63100.0
20260324,22,제주,122.51,818.0,63100.0
20260324,23,육지,122.51,775.0,62159.0
20260324,23,제주,122.51,775.0,62159.0
20260324,24,육지,122.51,746.0,60533.0
20260324,24,제주,122.51,746.0,60533.0
20260325,1,육지,115.88,702.0,56357.0
20260325,1,제주,115.88,702.0,56357.0
20260325,2,육지,111.86,680.0,54091.0
20260325,2,제주,111.86,680.0,54091.0
20260325,3,육지,101.99,667.0,52490.0
20260325,3,제주,101.99,667.0,52490.0
20260325,4,육지,101.99,660.0,52369.0
20260325,4,제주,101.99,660.0,52369.0
20260325,5,육지,102.08,662.0,52755.0
20260325,5,제주,102.08,662.0,52755.0
20260325,6,육지,108.85,668.0,54612.0
20260325,6,제주,108.85,668.0,54612.0
20260325,7,육지,115.02,696.0,57780.0
20260325,7,제주,115.02,696.0,57780.0
20260325,8,육지,116.77,764.0,61509.0
20260325,8,제주,116.77,764.0,61509.0
20260325,9,육지,122.49,758.0,64045.0
20260325,9,제주,122.49,758.0,64045.0
20260325,10,육지,116.69,764.0,62418.0
20260325,10,제주,116.69,764.0,62418.0
20260325,11,육지,108.35,750.0,59210.0
20260325,11,제주,108.35,750.0,59210.0
20260325,12,육지,95.99,736.0,54940.0
20260325,12,제주,95.99,736.0,54940.0
20260325,13,육지,80.02,709.0,50450.0
20260325,13,제주,80.02,709.0,50450.0
20260325,14,육지,80.02,705.0,52358.0
20260325,14,제주,80.02,705.0,52358.0
20260325,15,육지,80.02,692.0,53445.0
20260325,15,제주,80.02,692.0,53445.0
20260325,16,육지,93.55,692.0,55397.0
20260325,16,제주,93.55,692.0,55397.0
20260325,17,육지,102.21,702.0,58614.0
20260325,17,제주,102.21,702.0,58614.0
20260325,18,육지,112.49,723.0,61867.0
20260325,18,제주,112.49,723.0,61867.0
20260325,19,육지,119.11,782.0,65613.0
20260325,19,제주,119.11,782.0,65613.0
20260325,20,육지,122.49,818.0,65618.0
20260325,20,제주,122.49,818.0,65618.0
20260325,21,육지,121.75,823.0,63980.0
20260325,21,제주,121.75,823.0,63980.0
20260325,22,육지,120.99,815.0,62354.0
20260325,22,제주,120.99,815.0,62354.0
20260325,23,육지,121.1,807.0,61701.0
20260325,23,제주,121.1,807.0,61701.0
20260325,24,육지,114.49,788.0,59953.0
20260325,24,제주,114.49,788.0,59953.0
20260326,1,육지,104.38,731.0,55886.0
20260326,1,제주,104.38,731.0,55886.0
20260326,2,육지,98.21,696.0,53787.0
20260326,2,제주,98.21,696.0,53787.0
20260326,3,육지,97.44,675.0,52701.0
20260326,3,제주,97.44,675.0,52701.0
20260326,4,육지,96.45,660.0,52404.0
20260326,4,제주,96.45,660.0,52404.0
20260326,5,육지,97.32,653.0,53049.0
20260326,5,제주,97.32,653.0,53049.0
20260326,6,육지,103.19,668.0,54483.0
20260326,6,제주,103.19,668.0,54483.0
20260326,7,육지,109.31,704.0,58204.0
20260326,7,제주,109.31,704.0,58204.0
20260326,8,육지,112.26,690.0,61174.0
20260326,8,제주,112.26,690.0,61174.0
20260326,9,육지,113.46,656.0,61445.0
20260326,9,제주,113.46,656.0,61445.0
20260326,10,육지,107.97,622.0,58108.0
20260326,10,제주,107.97,622.0,58108.0
20260326,11,육지,78.59,589.0,54634.0
20260326,11,제주,78.59,589.0,54634.0
20260326,12,육지,77.71,552.0,50233.0
20260326,12,제주,77.71,552.0,50233.0
20260326,13,육지,0.0,539.0,46397.0
20260326,13,제주,0.0,539.0,46397.0
20260326,14,육지,71.4,572.0,48570.0
20260326,14,제주,71.4,572.0,48570.0
20260326,15,육지,77.71,592.0,50584.0
20260326,15,제주,77.71,592.0,50584.0
20260326,16,육지,78.23,613.0,53430.0
20260326,16,제주,78.23,613.0,53430.0
20260326,17,육지,99.88,651.0,58620.0
20260326,17,제주,99.88,651.0,58620.0
20260326,18,육지,112.66,706.0,60845.0
20260326,18,제주,112.66,706.0,60845.0
20260326,19,육지,119.18,764.0,64579.0
20260326,19,제주,119.18,764.0,64579.0
20260326,20,육지,119.17,799.0,65467.0
20260326,20,제주,119.17,799.0,65467.0
20260326,21,육지,115.73,795.0,63682.0
20260326,21,제주,115.73,795.0,63682.0
20260326,22,육지,115.03,776.0,61845.0
20260326,22,제주,115.03,776.0,61845.0
20260326,23,육지,115.63,762.0,61083.0
20260326,23,제주,115.63,762.0,61083.0
20260326,24,육지,115.04,736.0,59403.0
20260326,24,제주,115.04,736.0,59403.0
20260327,1,육지,116.64,678.0,55575.0
20260327,1,제주,116.64,678.0,55575.0
20260327,2,육지,121.07,646.0,53354.0
20260327,2,제주,121.07,646.0,53354.0
20260327,3,육지,104.35,629.0,52637.0
20260327,3,제주,104.35,629.0,52637.0
20260327,4,육지,104.35,620.0,51927.0
20260327,4,제주,104.35,620.0,51927.0
20260327,5,육지,104.35,609.0,52902.0
20260327,5,제주,104.35,609.0,52902.0
20260327,6,육지,106.39,625.0,54702.0
20260327,6,제주,106.39,625.0,54702.0
20260327,7,육지,120.97,662.0,57780.0
20260327,7,제주,120.97,662.0,57780.0
20260327,8,육지,111.47,711.0,59240.0
20260327,8,제주,111.47,711.0,59240.0
20260327,9,육지,111.27,735.0,59237.0
20260327,9,제주,111.27,735.0,59237.0
20260327,10,육지,80.92,728.0,56881.0
20260327,10,제주,80.92,728.0,56881.0
20260327,11,육지,77.55,668.0,53752.0
20260327,11,제주,77.55,668.0,53752.0
20260327,12,육지,75.45,632.0,49562.0
20260327,12,제주,75.45,632.0,49562.0
20260327,13,육지,0.0,602.0,46194.0
20260327,13,제주,0.0,602.0,46194.0
20260327,14,육지,73.97,596.0,48745.0
20260327,14,제주,73.97,596.0,48745.0
20260327,15,육지,75.4,586.0,50577.0
20260327,15,제주,75.4,586.0,50577.0
20260327,16,육지,76.33,597.0,53158.0
20260327,16,제주,76.33,597.0,53158.0
20260327,17,육지,100.42,659.0,56970.0
20260327,17,제주,100.42,659.0,56970.0
20260327,18,육지,107.03,697.0,60249.0
20260327,18,제주,107.03,697.0,60249.0
20260327,19,육지,119.52,745.0,62987.0
20260327,19,제주,119.52,745.0,62987.0
20260327,20,육지,122.54,791.0,63381.0
20260327,20,제주,122.54,791.0,63381.0
20260327,21,육지,121.36,788.0,61985.0
20260327,21,제주,121.36,788.0,61985.0
20260327,22,육지,121.25,772.0,60634.0
20260327,22,제주,121.25,772.0,60634.0
20260327,23,육지,122.03,756.0,60213.0
20260327,23,제주,122.03,756.0,60213.0
20260327,24,육지,120.99,733.0,58813.0
20260327,24,제주,120.99,733.0,58813.0
20260328,1,육지,131.29,722.0,55086.0
20260328,1,제주,131.29,722.0,55086.0
20260328,2,육지,126.93,687.0,52578.0
20260328,2,제주,126.93,687.0,52578.0
20260328,3,육지,116.35,665.0,51753.0
20260328,3,제주,116.35,665.0,51753.0
20260328,4,육지,116.37,657.0,50801.0
20260328,4,제주,116.37,657.0,50801.0
20260328,5,육지,116.37,650.0,50797.0
20260328,5,제주,116.37,650.0,50797.0
20260328,6,육지,116.39,665.0,51787.0
20260328,6,제주,116.39,665.0,51787.0
20260328,7,육지,116.81,688.0,52918.0
20260328,7,제주,116.81,688.0,52918.0
20260328,8,육지,116.12,730.0,51116.0
20260328,8,제주,116.12,730.0,51116.0
20260328,9,육지,100.07,657.0,47960.0
20260328,9,제주,100.07,657.0,47960.0
20260328,10,육지,87.13,623.0,44181.0
20260328,10,제주,87.13,623.0,44181.0
20260328,11,육지,99.96,555.0,42102.0
20260328,11,제주,99.96,555.0,42102.0
20260328,12,육지,97.2,529.0,39092.0
20260328,12,제주,0.0,529.0,39092.0
20260328,13,육지,92.11,506.0,37173.0
20260328,13,제주,0.0,506.0,37173.0
20260328,14,육지,96.9,514.0,38207.0
20260328,14,제주,0.0,514.0,38207.0
20260328,15,육지,93.54,532.0,39692.0
20260328,15,제주,93.54,532.0,39692.0
20260328,16,육지,87.13,565.0,42132.0
20260328,16,제주,87.13,565.0,42132.0
20260328,17,육지,98.26,631.0,46414.0
20260328,17,제주,98.26,631.0,46414.0
20260328,18,육지,126.95,691.0,51086.0
20260328,18,제주,126.95,691.0,51086.0
20260328,19,육지,115.14,777.0,54610.0
20260328,19,제주,115.14,777.0,54610.0
20260328,20,육지,127.02,805.0,56620.0
20260328,20,제주,127.02,805.0,56620.0
20260328,21,육지,115.14,810.0,55896.0
20260328,21,제주,115.14,810.0,55896.0
20260328,22,육지,114.82,803.0,54952.0
20260328,22,제주,114.82,803.0,54952.0
20260328,23,육지,115.14,792.0,54941.0
20260328,23,제주,115.14,792.0,54941.0
20260328,24,육지,114.85,774.0,54104.0
20260328,24,제주,114.85,774.0,54104.0
20260329,1,육지,105.56,769.0,51124.0
20260329,1,제주,123.38,769.0,51124.0
20260329,2,육지,105.07,733.0,48817.0
20260329,2,제주,123.38,733.0,48817.0
20260329,3,육지,105.15,707.0,48071.0
20260329,3,제주,123.38,707.0,48071.0
20260329,4,육지,105.15,688.0,47374.0
20260329,4,제주,105.15,688.0,47374.0
20260329,5,육지,105.15,688.0,47385.0
20260329,5,제주,105.15,688.0,47385.0
20260329,6,육지,105.15,697.0,48400.0
20260329,6,제주,105.15,697.0,48400.0
20260329,7,육지,105.15,711.0,49323.0
20260329,7,제주,105.15,711.0,49323.0
20260329,8,육지,105.15,693.0,47992.0
20260329,8,제주,105.15,693.0,47992.0
20260329,9,육지,89.88,623.0,44462.0
20260329,9,제주,89.88,623.0,44462.0
20260329,10,육지,77.31,585.0,41458.0
20260329,10,제주,77.31,585.0,41458.0
20260329,11,육지,74.87,565.0,39617.0
20260329,11,제주,74.87,565.0,39617.0
20260329,12,육지,74.87,529.0,37503.0
20260329,12,제주,74.87,529.0,37503.0
20260329,13,육지,0.0,540.0,36823.0
20260329,13,제주,0.0,540.0,36823.0
20260329,14,육지,57.28,526.0,37332.0
20260329,14,제주,57.28,526.0,37332.0
20260329,15,육지,74.87,540.0,39036.0
20260329,15,제주,74.87,540.0,39036.0
20260329,16,육지,77.31,579.0,42021.0
20260329,16,제주,77.31,579.0,42021.0
20260329,17,육지,92.53,647.0,45983.0
20260329,17,제주,92.53,647.0,45983.0
20260329,18,육지,102.93,703.0,50477.0
20260329,18,제주,102.93,703.0,50477.0
20260329,19,육지,121.82,781.0,53916.0
20260329,19,제주,121.82,781.0,53916.0
20260329,20,육지,121.82,806.0,55855.0
20260329,20,제주,121.82,806.0,55855.0
20260329,21,육지,121.82,815.0,55359.0
20260329,21,제주,121.82,815.0,55359.0
20260329,22,육지,121.13,800.0,54450.0
20260329,22,제주,121.13,800.0,54450.0
20260329,23,육지,114.33,777.0,53464.0
20260329,23,제주,114.33,777.0,53464.0
20260329,24,육지,113.04,754.0,52268.0
20260329,24,제주,113.04,754.0,52268.0
20260330,1,육지,102.87,711.0,49309.0
20260330,1,제주,102.87,711.0,49309.0
20260330,2,육지,88.52,680.0,47385.0
20260330,2,제주,88.52,680.0,47385.0
20260330,3,육지,80.02,664.0,46437.0
20260330,3,제주,80.02,664.0,46437.0
20260330,4,육지,80.02,653.0,46182.0
20260330,4,제주,80.02,653.0,46182.0
20260330,5,육지,80.02,651.0,46811.0
20260330,5,제주,80.02,651.0,46811.0
20260330,6,육지,80.02,669.0,49129.0
20260330,6,제주,80.02,669.0,49129.0
20260330,7,육지,102.73,705.0,52668.0
20260330,7,제주,126.28,705.0,52668.0
20260330,8,육지,119.18,687.0,57157.0
20260330,8,제주,126.28,687.0,57157.0
20260330,9,육지,119.59,668.0,61380.0
20260330,9,제주,126.13,668.0,61380.0
20260330,10,육지,150.1,692.0,61479.0
20260330,10,제주,150.1,692.0,61479.0
20260330,11,육지,119.38,711.0,59840.0
20260330,11,제주,119.38,711.0,59840.0
20260330,12,육지,100.9,700.0,56449.0
20260330,12,제주,100.9,700.0,56449.0
20260330,13,육지,100.56,684.0,55195.0
20260330,13,제주,100.56,684.0,55195.0
20260330,14,육지,101.27,712.0,58128.0
20260330,14,제주,101.27,712.0,58128.0
20260330,15,육지,119.28,708.0,59848.0
20260330,15,제주,119.28,708.0,59848.0
20260330,16,육지,114.0,709.0,60795.0
20260330,16,제주,114.0,709.0,60795.0
20260330,17,육지,128.79,742.0,62914.0
20260330,17,제주,128.79,742.0,62914.0
20260330,18,육지,119.03,751.0,62968.0
20260330,18,제주,119.03,751.0,62968.0
20260330,19,육지,119.35,791.0,64155.0
20260330,19,제주,119.35,791.0,64155.0
20260330,20,육지,119.67,810.0,64791.0
20260330,20,제주,119.67,810.0,64791.0
20260330,21,육지,114.56,800.0,62758.0
20260330,21,제주,114.56,800.0,62758.0
20260330,22,육지,113.53,778.0,60736.0
20260330,22,제주,113.53,778.0,60736.0
20260330,23,육지,111.97,767.0,59988.0
20260330,23,제주,111.97,767.0,59988.0
20260330,24,육지,109.24,743.0,58418.0
20260330,24,제주,109.24,743.0,58418.0
20260331,1,육지,105.37,687.0,54587.0
20260331,1,제주,105.37,687.0,54587.0
20260331,2,육지,105.04,659.0,52578.0
20260331,2,제주,105.04,659.0,52578.0
20260331,3,육지,102.89,641.0,51565.0
20260331,3,제주,102.89,641.0,51565.0
20260331,4,육지,102.89,632.0,51177.0
20260331,4,제주,102.89,632.0,51177.0
20260331,5,육지,102.89,645.0,51565.0
20260331,5,제주,102.89,645.0,51565.0
20260331,6,육지,102.89,665.0,52883.0
20260331,6,제주,102.89,665.0,52883.0
20260331,7,육지,105.96,694.0,56233.0
20260331,7,제주,105.96,694.0,56233.0
20260331,8,육지,121.56,701.0,60189.0
20260331,8,제주,121.56,701.0,60189.0
20260331,9,육지,128.02,686.0,62225.0
20260331,9,제주,128.02,686.0,62225.0
20260331,10,육지,119.25,677.0,61819.0
20260331,10,제주,119.25,677.0,61819.0
20260331,11,육지,108.63,671.0,59118.0
20260331,11,제주,108.63,671.0,59118.0
20260331,12,육지,102.44,635.0,55932.0
20260331,12,제주,102.44,635.0,55932.0
20260331,13,육지,96.39,599.0,53215.0
20260331,13,제주,96.39,599.0,53215.0
20260331,14,육지,102.44,601.0,56343.0
20260331,14,제주,102.44,601.0,56343.0
20260331,15,육지,113.25,613.0,59050.0
20260331,15,제주,113.25,613.0,59050.0
20260331,16,육지,113.28,632.0,60142.0
20260331,16,제주,113.28,632.0,60142.0
20260331,17,육지,114.9,688.0,62220.0
20260331,17,제주,114.9,688.0,62220.0
20260331,18,육지,114.91,730.0,62708.0
20260331,18,제주,114.91,730.0,62708.0
20260331,19,육지,127.59,783.0,64535.0
20260331,19,제주,127.59,783.0,64535.0
20260331,20,육지,127.32,811.0,65085.0
20260331,20,제주,127.32,811.0,65085.0
20260331,21,육지,121.56,815.0,62820.0
20260331,21,제주,123.93,815.0,62820.0
20260331,22,육지,121.56,805.0,61156.0
20260331,22,제주,123.93,805.0,61156.0
20260331,23,육지,120.87,788.0,60223.0
20260331,23,제주,120.87,788.0,60223.0
20260331,24,육지,121.22,767.0,58544.0
20260331,24,제주,121.22,767.0,58544.0
20260401,1,육지,109.47,681.0,55136.0
20260401,1,제주,109.47,681.0,55136.0
20260401,2,육지,101.09,651.0,52979.0
20260401,2,제주,101.09,651.0,52979.0
20260401,3,육지,101.09,632.0,51927.0
20260401,3,제주,101.09,632.0,51927.0
20260401,4,육지,101.09,622.0,51499.0
20260401,4,제주,101.09,622.0,51499.0
20260401,5,육지,101.09,615.0,51928.0
20260401,5,제주,101.09,615.0,51928.0
20260401,6,육지,106.65,635.0,53709.0
20260401,6,제주,106.65,635.0,53709.0
20260401,7,육지,117.71,667.0,56657.0
20260401,7,제주,117.71,667.0,56657.0
20260401,8,육지,122.17,695.0,60937.0
20260401,8,제주,122.17,695.0,60937.0
20260401,9,육지,123.0,691.0,64447.0
20260401,9,제주,123.0,691.0,64447.0
20260401,10,육지,166.8,698.0,64539.0
20260401,10,제주,166.8,698.0,64539.0
20260401,11,육지,122.17,713.0,62718.0
20260401,11,제주,122.17,713.0,62718.0
20260401,12,육지,117.55,687.0,59680.0
20260401,12,제주,117.55,687.0,59680.0
20260401,13,육지,111.24,667.0,56354.0
20260401,13,제주,111.24,667.0,56354.0
20260401,14,육지,111.24,680.0,57863.0
20260401,14,제주,111.24,680.0,57863.0
20260401,15,육지,116.76,685.0,58458.0
20260401,15,제주,116.76,685.0,58458.0
20260401,16,육지,119.47,682.0,59578.0
20260401,16,제주,119.47,682.0,59578.0
20260401,17,육지,122.17,726.0,61257.0
20260401,17,제주,122.17,726.0,61257.0
20260401,18,육지,120.49,748.0,61553.0
20260401,18,제주,120.49,748.0,61553.0
20260401,19,육지,124.87,789.0,63056.0
20260401,19,제주,124.87,789.0,63056.0
20260401,20,육지,127.48,794.0,64014.0
20260401,20,제주,127.48,794.0,64014.0
20260401,21,육지,122.17,798.0,62280.0
20260401,21,제주,122.17,798.0,62280.0
20260401,22,육지,119.47,788.0,60522.0
20260401,22,제주,119.47,788.0,60522.0
20260401,23,육지,119.47,767.0,59892.0
20260401,23,제주,119.47,767.0,59892.0
20260401,24,육지,118.94,744.0,58266.0
20260401,24,제주,118.94,744.0,58266.0
20260402,1,육지,125.39,703.0,55640.0
20260402,1,제주,128.66,703.0,55640.0
20260402,2,육지,120.67,668.0,53312.0
20260402,2,제주,120.67,668.0,53312.0
20260402,3,육지,113.7,647.0,52126.0
20260402,3,제주,113.7,647.0,52126.0
20260402,4,육지,113.73,647.0,51977.0
20260402,4,제주,113.73,647.0,51977.0
20260402,5,육지,113.73,637.0,52454.0
20260402,5,제주,113.73,637.0,52454.0
20260402,6,육지,123.82,659.0,54186.0
20260402,6,제주,123.82,659.0,54186.0
20260402,7,육지,125.96,693.0,56785.0
20260402,7,제주,125.96,693.0,56785.0
20260402,8,육지,139.25,655.0,58574.0
20260402,8,제주,139.25,655.0,58574.0
20260402,9,육지,139.24,636.0,58648.0
20260402,9,제주,139.24,636.0,58648.0
20260402,10,육지,112.29,620.0,55830.0
20260402,10,제주,112.29,620.0,55830.0
20260402,11,육지,110.72,599.0,53255.0
20260402,11,제주,110.72,599.0,53255.0
20260402,12,육지,110.72,556.0,49477.0
20260402,12,제주,110.72,556.0,49477.0
20260402,13,육지,110.72,536.0,46197.0
20260402,13,제주,0.0,536.0,46197.0
20260402,14,육지,110.72,542.0,48673.0
20260402,14,제주,98.25,542.0,48673.0
20260402,15,육지,110.72,552.0,50453.0
20260402,15,제주,110.72,552.0,50453.0
20260402,16,육지,110.72,587.0,53192.0
20260402,16,제주,110.72,587.0,53192.0
20260402,17,육지,110.72,637.0,57308.0
20260402,17,제주,110.72,637.0,57308.0
20260402,18,육지,139.25,687.0,61108.0
20260402,18,제주,139.25,687.0,61108.0
20260402,19,육지,139.25,744.0,64429.0
20260402,19,제주,139.25,744.0,64429.0
20260402,20,육지,139.24,769.0,65360.0
20260402,20,제주,139.24,769.0,65360.0
20260402,21,육지,126.98,766.0,63498.0
20260402,21,제주,126.98,766.0,63498.0
20260402,22,육지,127.06,751.0,61453.0
20260402,22,제주,127.06,751.0,61453.0
20260402,23,육지,127.13,739.0,61263.0
20260402,23,제주,127.13,739.0,61263.0
20260402,24,육지,124.97,710.0,59236.0
20260402,24,제주,124.97,710.0,59236.0
20260403,1,육지,121.46,647.0,55044.0
20260403,1,제주,128.72,647.0,55044.0
20260403,2,육지,121.44,614.0,53261.0
20260403,2,제주,121.44,614.0,53261.0
20260403,3,육지,110.96,592.0,52014.0
20260403,3,제주,110.96,592.0,52014.0
20260403,4,육지,110.96,586.0,51644.0
20260403,4,제주,110.96,586.0,51644.0
20260403,5,육지,110.96,588.0,51713.0
20260403,5,제주,110.96,588.0,51713.0
20260403,6,육지,110.96,607.0,53163.0
20260403,6,제주,110.96,607.0,53163.0
20260403,7,육지,127.53,637.0,56125.0
20260403,7,제주,132.67,637.0,56125.0
20260403,8,육지,127.53,660.0,57989.0
20260403,8,제주,132.67,660.0,57989.0
20260403,9,육지,125.65,673.0,58806.0
20260403,9,제주,131.46,673.0,58806.0
20260403,10,육지,110.94,662.0,56848.0
20260403,10,제주,110.94,662.0,56848.0
20260403,11,육지,130.83,618.0,54580.0
20260403,11,제주,130.83,618.0,54580.0
20260403,12,육지,123.64,578.0,51343.0
20260403,12,제주,123.64,578.0,51343.0
20260403,13,육지,110.94,576.0,48833.0
20260403,13,제주,110.94,576.0,48833.0
20260403,14,육지,110.93,583.0,51697.0
20260403,14,제주,110.93,583.0,51697.0
20260403,15,육지,110.93,592.0,53837.0
20260403,15,제주,110.93,592.0,53837.0
20260403,16,육지,123.65,626.0,56965.0
20260403,16,제주,123.65,626.0,56965.0
20260403,17,육지,115.93,669.0,60104.0
20260403,17,제주,115.93,669.0,60104.0
20260403,18,육지,118.73,696.0,61559.0
20260403,18,제주,118.73,696.0,61559.0
20260403,19,육지,126.0,732.0,63318.0
20260403,19,제주,126.0,732.0,63318.0
20260403,20,육지,127.49,772.0,63561.0
20260403,20,제주,127.49,772.0,63561.0
20260403,21,육지,127.16,768.0,62268.0
20260403,21,제주,127.16,768.0,62268.0
20260403,22,육지,127.25,752.0,60570.0
20260403,22,제주,127.25,752.0,60570.0
20260403,23,육지,127.25,745.0,59541.0
20260403,23,제주,127.25,745.0,59541.0
20260403,24,육지,125.89,723.0,57982.0
20260403,24,제주,125.89,723.0,57982.0
20260404,1,육지,130.19,669.0,56097.0
20260404,1,제주,130.19,669.0,56097.0
20260404,2,육지,127.57,636.0,54197.0
20260404,2,제주,127.57,636.0,54197.0
20260404,3,육지,117.51,616.0,52957.0
20260404,3,제주,117.51,616.0,52957.0
20260404,4,육지,117.1,607.0,52067.0
20260404,4,제주,117.1,607.0,52067.0
20260404,5,육지,117.1,618.0,52389.0
20260404,5,제주,117.1,618.0,52389.0
20260404,6,육지,118.48,633.0,52902.0
20260404,6,제주,118.48,633.0,52902.0
20260404,7,육지,118.56,653.0,53971.0
20260404,7,제주,118.56,653.0,53971.0
20260404,8,육지,119.21,660.0,54801.0
20260404,8,제주,119.21,660.0,54801.0
20260404,9,육지,128.76,655.0,55935.0
20260404,9,제주,128.76,655.0,55935.0
20260404,10,육지,130.1,642.0,56677.0
20260404,10,제주,130.1,642.0,56677.0
20260404,11,육지,130.1,624.0,56980.0
20260404,11,제주,130.1,624.0,56980.0
20260404,12,육지,128.92,600.0,55866.0
20260404,12,제주,128.92,600.0,55866.0
20260404,13,육지,117.1,575.0,53347.0
20260404,13,제주,117.1,575.0,53347.0
20260404,14,육지,117.1,573.0,54025.0
20260404,14,제주,117.1,573.0,54025.0
20260404,15,육지,117.1,593.0,54028.0
20260404,15,제주,117.1,593.0,54028.0
20260404,16,육지,128.83,610.0,55056.0
20260404,16,제주,128.83,610.0,55056.0
20260404,17,육지,128.06,634.0,55559.0
20260404,17,제주,128.06,634.0,55559.0
20260404,18,육지,118.45,684.0,55936.0
20260404,18,제주,118.45,684.0,55936.0
20260404,19,육지,130.33,741.0,57289.0
20260404,19,제주,130.33,741.0,57289.0
20260404,20,육지,130.39,767.0,58589.0
20260404,20,제주,130.39,767.0,58589.0
20260404,21,육지,130.39,777.0,58119.0
20260404,21,제주,130.39,777.0,58119.0
20260404,22,육지,130.39,770.0,57039.0
20260404,22,제주,130.39,770.0,57039.0
20260404,23,육지,128.73,744.0,56807.0
20260404,23,제주,130.11,744.0,56807.0
20260404,24,육지,125.69,720.0,55739.0
20260404,24,제주,127.07,720.0,55739.0
20260405,1,육지,124.24,670.0,53353.0
20260405,1,제주,124.24,670.0,53353.0
20260405,2,육지,118.44,639.0,51031.0
20260405,2,제주,118.44,639.0,51031.0
20260405,3,육지,116.53,616.0,49803.0
20260405,3,제주,116.53,616.0,49803.0
20260405,4,육지,116.5,605.0,49108.0
20260405,4,제주,116.5,605.0,49108.0
20260405,5,육지,119.9,617.0,49172.0
20260405,5,제주,119.9,617.0,49172.0
20260405,6,육지,120.87,633.0,50273.0
20260405,6,제주,120.87,633.0,50273.0
20260405,7,육지,120.87,650.0,51394.0
20260405,7,제주,120.87,650.0,51394.0
20260405,8,육지,120.73,613.0,49763.0
20260405,8,제주,120.73,613.0,49763.0
20260405,9,육지,116.59,571.0,46564.0
20260405,9,제주,116.59,571.0,46564.0
20260405,10,육지,98.46,526.0,43057.0
20260405,10,제주,98.46,526.0,43057.0
20260405,11,육지,98.75,482.0,38980.0
20260405,11,제주,98.75,482.0,38980.0
20260405,12,육지,98.75,455.0,36395.0
20260405,12,제주,0.0,455.0,36395.0
20260405,13,육지,98.47,445.0,35114.0
20260405,13,제주,0.0,445.0,35114.0
20260405,14,육지,98.22,459.0,35159.0
20260405,14,제주,0.0,459.0,35159.0
20260405,15,육지,97.62,490.0,36956.0
20260405,15,제주,97.62,490.0,36956.0
20260405,16,육지,97.62,523.0,40053.0
20260405,16,제주,97.62,523.0,40053.0
20260405,17,육지,108.92,566.0,45470.0
20260405,17,제주,108.92,566.0,45470.0
20260405,18,육지,115.78,626.0,51564.0
20260405,18,제주,115.78,626.0,51564.0
20260405,19,육지,125.48,707.0,55928.0
20260405,19,제주,125.48,707.0,55928.0
20260405,20,육지,126.12,748.0,58266.0
20260405,20,제주,126.12,748.0,58266.0
20260405,21,육지,125.48,741.0,58148.0
20260405,21,제주,125.48,741.0,58148.0
20260405,22,육지,124.31,726.0,57164.0
20260405,22,제주,124.31,726.0,57164.0
20260405,23,육지,124.31,717.0,56294.0
20260405,23,제주,124.31,717.0,56294.0
20260405,24,육지,124.31,705.0,54741.0
20260405,24,제주,124.31,705.0,54741.0
20260406,1,육지,125.23,654.0,51289.0
20260406,1,제주,125.23,654.0,51289.0
20260406,2,육지,110.8,621.0,49260.0
20260406,2,제주,110.8,621.0,49260.0
20260406,3,육지,110.8,599.0,48673.0
20260406,3,제주,110.8,599.0,48673.0
20260406,4,육지,110.8,582.0,47766.0
20260406,4,제주,110.8,582.0,47766.0
20260406,5,육지,110.8,579.0,48820.0
20260406,5,제주,110.8,579.0,48820.0
20260406,6,육지,110.8,599.0,51144.0
20260406,6,제주,110.8,599.0,51144.0
20260406,7,육지,123.73,628.0,54313.0
20260406,7,제주,123.73,628.0,54313.0
20260406,8,육지,124.05,652.0,58558.0
20260406,8,제주,124.05,652.0,58558.0
20260406,9,육지,126.3,671.0,61369.0
20260406,9,제주,126.3,671.0,61369.0
20260406,10,육지,122.37,651.0,59918.0
20260406,10,제주,122.37,651.0,59918.0
20260406,11,육지,131.47,589.0,58708.0
20260406,11,제주,131.47,589.0,58708.0
20260406,12,육지,121.81,559.0,55644.0
20260406,12,제주,121.81,559.0,55644.0
20260406,13,육지,114.28,545.0,52287.0
20260406,13,제주,114.28,545.0,52287.0
20260406,14,육지,114.5,557.0,55435.0
20260406,14,제주,114.5,557.0,55435.0
20260406,15,육지,114.5,563.0,57232.0
20260406,15,제주,114.5,563.0,57232.0
20260406,16,육지,114.42,591.0,59197.0
20260406,16,제주,114.42,591.0,59197.0
20260406,17,육지,118.95,628.0,62160.0
20260406,17,제주,118.95,628.0,62160.0
20260406,18,육지,124.45,673.0,64828.0
20260406,18,제주,124.45,673.0,64828.0
20260406,19,육지,135.47,710.0,67147.0
20260406,19,제주,135.47,710.0,67147.0
20260406,20,육지,134.6,746.0,67180.0
20260406,20,제주,134.6,746.0,67180.0
20260406,21,육지,128.52,731.0,65241.0
20260406,21,제주,128.52,731.0,65241.0
20260406,22,육지,126.3,722.0,63122.0
20260406,22,제주,126.3,722.0,63122.0
20260406,23,육지,126.3,713.0,62271.0
20260406,23,제주,126.3,713.0,62271.0
20260406,24,육지,126.3,699.0,60275.0
20260406,24,제주,126.3,699.0,60275.0
20260407,1,육지,125.7,659.0,56520.0
20260407,1,제주,125.7,659.0,56520.0
20260407,2,육지,120.57,629.0,54360.0
20260407,2,제주,120.57,629.0,54360.0
20260407,3,육지,112.85,609.0,53254.0
20260407,3,제주,112.85,609.0,53254.0
20260407,4,육지,110.6,592.0,52773.0
20260407,4,제주,110.6,592.0,52773.0
20260407,5,육지,112.77,589.0,53229.0
20260407,5,제주,112.77,589.0,53229.0
20260407,6,육지,125.54,607.0,54859.0
20260407,6,제주,125.54,607.0,54859.0
20260407,7,육지,124.82,632.0,57389.0
20260407,7,제주,124.82,632.0,57389.0
20260407,8,육지,126.38,644.0,59159.0
20260407,8,제주,126.38,644.0,59159.0
20260407,9,육지,124.71,645.0,59028.0
20260407,9,제주,124.71,645.0,59028.0
20260407,10,육지,121.89,621.0,56331.0
20260407,10,제주,121.89,621.0,56331.0
20260407,11,육지,121.36,595.0,53183.0
20260407,11,제주,121.36,595.0,53183.0
20260407,12,육지,121.36,563.0,49403.0
20260407,12,제주,121.36,563.0,49403.0
20260407,13,육지,98.77,546.0,46323.0
20260407,13,제주,0.0,546.0,46323.0
20260407,14,육지,98.76,564.0,48576.0
20260407,14,제주,0.0,564.0,48576.0
20260407,15,육지,98.76,572.0,50398.0
20260407,15,제주,0.0,572.0,50398.0
20260407,16,육지,98.76,602.0,53126.0
20260407,16,제주,98.76,602.0,53126.0
20260407,17,육지,110.59,655.0,57101.0
20260407,17,제주,110.59,655.0,57101.0
20260407,18,육지,118.42,708.0,60905.0
20260407,18,제주,118.42,708.0,60905.0
20260407,19,육지,134.97,753.0,64589.0
20260407,19,제주,134.97,753.0,64589.0
20260407,20,육지,136.57,779.0,65612.0
20260407,20,제주,136.57,779.0,65612.0
20260407,21,육지,136.57,759.0,63991.0
20260407,21,제주,136.57,759.0,63991.0
20260407,22,육지,126.36,732.0,62221.0
20260407,22,제주,126.36,732.0,62221.0
20260407,23,육지,126.45,721.0,61307.0
20260407,23,제주,126.45,721.0,61307.0
20260407,24,육지,124.87,695.0,59462.0
20260407,24,제주,124.87,695.0,59462.0
20260408,1,육지,126.48,661.0,56681.0
20260408,1,제주,126.48,661.0,56681.0
20260408,2,육지,125.16,624.0,54542.0
20260408,2,제주,125.16,624.0,54542.0
20260408,3,육지,120.49,597.0,53451.0
20260408,3,제주,120.49,597.0,53451.0
20260408,4,육지,114.88,579.0,52974.0
20260408,4,제주,114.88,579.0,52974.0
20260408,5,육지,114.88,575.0,53428.0
20260408,5,제주,114.88,575.0,53428.0
20260408,6,육지,124.65,594.0,55046.0
20260408,6,제주,124.65,594.0,55046.0
20260408,7,육지,125.9,617.0,57563.0
20260408,7,제주,125.9,617.0,57563.0
20260408,8,육지,126.23,631.0,59226.0
20260408,8,제주,126.23,631.0,59226.0
20260408,9,육지,124.96,643.0,59160.0
20260408,9,제주,124.96,643.0,59160.0
20260408,10,육지,114.49,629.0,56437.0
20260408,10,제주,114.49,629.0,56437.0
20260408,11,육지,113.98,606.0,53173.0
20260408,11,제주,113.98,606.0,53173.0
20260408,12,육지,109.14,577.0,49362.0
20260408,12,제주,109.14,577.0,49362.0
20260408,13,육지,108.98,563.0,46350.0
20260408,13,제주,108.98,563.0,46350.0
20260408,14,육지,108.9,574.0,48611.0
20260408,14,제주,108.9,574.0,48611.0
20260408,15,육지,108.82,590.0,50500.0
20260408,15,제주,108.82,590.0,50500.0
20260408,16,육지,123.32,617.0,53317.0
20260408,16,제주,123.32,617.0,53317.0
20260408,17,육지,110.65,664.0,57331.0
20260408,17,제주,110.65,664.0,57331.0
20260408,18,육지,117.2,716.0,61195.0
20260408,18,제주,117.2,716.0,61195.0
20260408,19,육지,135.0,766.0,64689.0
20260408,19,제주,135.0,766.0,64689.0
20260408,20,육지,134.67,795.0,65699.0
20260408,20,제주,134.67,795.0,65699.0
20260408,21,육지,126.75,773.0,64090.0
20260408,21,제주,130.33,773.0,64090.0
20260408,22,육지,126.41,744.0,62333.0
20260408,22,제주,129.42,744.0,62333.0
20260408,23,육지,126.34,727.0,61431.0
20260408,23,제주,129.3,727.0,61431.0
20260408,24,육지,125.21,694.0,59606.0
20260408,24,제주,125.21,694.0,59606.0
20260409,1,육지,125.76,644.0,56142.0
20260409,1,제주,125.76,644.0,56142.0
20260409,2,육지,124.87,614.0,53967.0
20260409,2,제주,124.87,614.0,53967.0
20260409,3,육지,118.24,594.0,52898.0
20260409,3,제주,118.24,594.0,52898.0
20260409,4,육지,112.3,587.0,52554.0
20260409,4,제주,112.3,587.0,52554.0
20260409,5,육지,112.3,562.0,53106.0
20260409,5,제주,112.3,562.0,53106.0
20260409,6,육지,118.25,590.0,54603.0
20260409,6,제주,118.25,590.0,54603.0
20260409,7,육지,125.95,629.0,57771.0
20260409,7,제주,125.95,629.0,57771.0
20260409,8,육지,125.92,675.0,62218.0
20260409,8,제주,125.92,675.0,62218.0
20260409,9,육지,127.61,681.0,66515.0
20260409,9,제주,130.38,681.0,66515.0
20260409,10,육지,152.01,700.0,68156.0
20260409,10,제주,130.93,700.0,68156.0
20260409,11,육지,152.01,679.0,67904.0
20260409,11,제주,152.01,679.0,67904.0
20260409,12,육지,150.75,654.0,65865.0
20260409,12,제주,150.75,654.0,65865.0
20260409,13,육지,121.56,634.0,63580.0
20260409,13,제주,127.47,634.0,63580.0
20260409,14,육지,151.73,655.0,66284.0
20260409,14,제주,126.94,655.0,66284.0
20260409,15,육지,151.94,664.0,66672.0
20260409,15,제주,126.84,664.0,66672.0
20260409,16,육지,151.79,675.0,66897.0
20260409,16,제주,126.91,675.0,66897.0
20260409,17,육지,150.54,680.0,67190.0
20260409,17,제주,127.47,680.0,67190.0
20260409,18,육지,121.92,707.0,65428.0
20260409,18,제주,127.47,707.0,65428.0
20260409,19,육지,133.94,755.0,65453.0
20260409,19,제주,133.94,755.0,65453.0
20260409,20,육지,127.29,770.0,66149.0
20260409,20,제주,129.36,770.0,66149.0
20260409,21,육지,127.29,775.0,64055.0
20260409,21,제주,129.36,775.0,64055.0
20260409,22,육지,125.2,761.0,61910.0
20260409,22,제주,125.2,761.0,61910.0
20260409,23,육지,126.54,699.0,61113.0
20260409,23,제주,126.54,699.0,61113.0
20260409,24,육지,124.85,669.0,59654.0
20260409,24,제주,124.85,669.0,59654.0
20260410,1,육지,125.12,637.0,55520.0
20260410,1,제주,125.12,637.0,55520.0
20260410,2,육지,125.13,616.0,53574.0
20260410,2,제주,125.13,616.0,53574.0
20260410,3,육지,110.88,601.0,52402.0
20260410,3,제주,110.88,601.0,52402.0
20260410,4,육지,110.88,595.0,51904.0
20260410,4,제주,110.88,595.0,51904.0
20260410,5,육지,110.88,590.0,52183.0
20260410,5,제주,110.88,590.0,52183.0
20260410,6,육지,125.13,607.0,53818.0
20260410,6,제주,125.13,607.0,53818.0
20260410,7,육지,126.59,626.0,56613.0
20260410,7,제주,126.59,626.0,56613.0
20260410,8,육지,127.38,676.0,60925.0
20260410,8,제주,127.38,676.0,60925.0
20260410,9,육지,135.04,659.0,64883.0
20260410,9,제주,135.04,659.0,64883.0
20260410,10,육지,130.88,647.0,65495.0
20260410,10,제주,130.88,647.0,65495.0
20260410,11,육지,121.48,595.0,62536.0
20260410,11,제주,121.48,595.0,62536.0
20260410,12,육지,117.99,561.0,58720.0
20260410,12,제주,117.99,561.0,58720.0
20260410,13,육지,98.95,510.0,51495.0
20260410,13,제주,98.95,510.0,51495.0
20260410,14,육지,98.95,501.0,51638.0
20260410,14,제주,98.95,501.0,51638.0
20260410,15,육지,98.87,524.0,51675.0
20260410,15,제주,98.87,524.0,51675.0
20260410,16,육지,98.95,572.0,52908.0
20260410,16,제주,98.95,572.0,52908.0
20260410,17,육지,110.88,627.0,56058.0
20260410,17,제주,110.88,627.0,56058.0
20260410,18,육지,126.27,675.0,59479.0
20260410,18,제주,126.27,675.0,59479.0
20260410,19,육지,126.34,731.0,63325.0
20260410,19,제주,126.34,731.0,63325.0
20260410,20,육지,135.89,773.0,64028.0
20260410,20,제주,135.89,773.0,64028.0
20260410,21,육지,128.2,775.0,62505.0
20260410,21,제주,128.2,775.0,62505.0
20260410,22,육지,126.56,763.0,60992.0
20260410,22,제주,126.56,763.0,60992.0
20260410,23,육지,126.56,749.0,60283.0
20260410,23,제주,126.56,749.0,60283.0
20260410,24,육지,126.26,719.0,58926.0
20260410,24,제주,126.26,719.0,58926.0
20260411,1,육지,124.91,667.0,55390.0
20260411,1,제주,124.91,667.0,55390.0
20260411,2,육지,112.8,633.0,53008.0
20260411,2,제주,112.8,633.0,53008.0
20260411,3,육지,112.19,613.0,51781.0
20260411,3,제주,112.19,613.0,51781.0
20260411,4,육지,111.17,605.0,51065.0
20260411,4,제주,111.17,605.0,51065.0
20260411,5,육지,112.86,594.0,51147.0
20260411,5,제주,112.86,594.0,51147.0
20260411,6,육지,117.21,608.0,51981.0
20260411,6,제주,117.21,608.0,51981.0
20260411,7,육지,117.21,626.0,52482.0
20260411,7,제주,117.21,626.0,52482.0
20260411,8,육지,117.21,669.0,50627.0
20260411,8,제주,117.21,669.0,50627.0
20260411,9,육지,111.17,604.0,46625.0
20260411,9,제주,111.17,604.0,46625.0
20260411,10,육지,99.04,584.0,43047.0
20260411,10,제주,99.04,584.0,43047.0
20260411,11,육지,99.22,556.0,40606.0
20260411,11,제주,99.22,556.0,40606.0
20260411,12,육지,99.21,521.0,38179.0
20260411,12,제주,99.21,521.0,38179.0
20260411,13,육지,98.54,501.0,36478.0
20260411,13,제주,98.54,501.0,36478.0
20260411,14,육지,97.64,517.0,37568.0
20260411,14,제주,97.64,517.0,37568.0
20260411,15,육지,98.37,541.0,38936.0
20260411,15,제주,98.37,541.0,38936.0
20260411,16,육지,97.56,582.0,41179.0
20260411,16,제주,97.56,582.0,41179.0
20260411,17,육지,98.8,646.0,45453.0
20260411,17,제주,98.8,646.0,45453.0
20260411,18,육지,112.62,687.0,50269.0
20260411,18,제주,112.62,687.0,50269.0
20260411,19,육지,116.47,748.0,54859.0
20260411,19,제주,116.47,748.0,54859.0
20260411,20,육지,132.89,754.0,56818.0
20260411,20,제주,132.89,754.0,56818.0
20260411,21,육지,133.35,763.0,56792.0
20260411,21,제주,133.35,763.0,56792.0
20260411,22,육지,126.18,756.0,55298.0
20260411,22,제주,128.81,756.0,55298.0
20260411,23,육지,133.35,741.0,55297.0
20260411,23,제주,133.35,741.0,55297.0
20260411,24,육지,126.18,717.0,53855.0
20260411,24,제주,128.81,717.0,53855.0
20260412,1,육지,110.55,648.0,50464.0
20260412,1,제주,130.59,648.0,50464.0
20260412,2,육지,98.81,617.0,48313.0
20260412,2,제주,98.81,617.0,48313.0
20260412,3,육지,98.62,597.0,47049.0
20260412,3,제주,98.62,597.0,47049.0
20260412,4,육지,98.31,590.0,46452.0
20260412,4,제주,98.31,590.0,46452.0
20260412,5,육지,98.81,584.0,46763.0
20260412,5,제주,98.81,584.0,46763.0
20260412,6,육지,98.82,599.0,47139.0
20260412,6,제주,98.82,599.0,47139.0
20260412,7,육지,98.81,608.0,47867.0
20260412,7,제주,98.81,608.0,47867.0
20260412,8,육지,98.31,605.0,45743.0
20260412,8,제주,98.31,605.0,45743.0
20260412,9,육지,97.86,551.0,41614.0
20260412,9,제주,97.86,551.0,41614.0
20260412,10,육지,98.11,536.0,38184.0
20260412,10,제주,98.11,536.0,38184.0
20260412,11,육지,98.02,531.0,35809.0
20260412,11,제주,98.02,531.0,35809.0
20260412,12,육지,98.05,502.0,34044.0
20260412,12,제주,98.05,502.0,34044.0
20260412,13,육지,98.05,510.0,33557.0
20260412,13,제주,98.05,510.0,33557.0
20260412,14,육지,97.63,545.0,34585.0
20260412,14,제주,97.63,545.0,34585.0
20260412,15,육지,75.08,566.0,36110.0
20260412,15,제주,75.08,566.0,36110.0
20260412,16,육지,97.03,606.0,39848.0
20260412,16,제주,97.03,606.0,39848.0
20260412,17,육지,97.12,658.0,44365.0
20260412,17,제주,97.12,658.0,44365.0
20260412,18,육지,110.59,684.0,49369.0
20260412,18,제주,110.59,684.0,49369.0
20260412,19,육지,110.62,722.0,53396.0
20260412,19,제주,110.62,722.0,53396.0
20260412,20,육지,134.28,732.0,55191.0
20260412,20,제주,134.28,732.0,55191.0
20260412,21,육지,124.43,742.0,55132.0
20260412,21,제주,124.43,742.0,55132.0
20260412,22,육지,124.34,731.0,53997.0
20260412,22,제주,124.34,731.0,53997.0
20260412,23,육지,113.98,711.0,52797.0
20260412,23,제주,113.98,711.0,52797.0
20260412,24,육지,110.62,685.0,51169.0
20260412,24,제주,110.62,685.0,51169.0
20260413,1,육지,124.98,648.0,49898.0
20260413,1,제주,129.2,648.0,49898.0
20260413,2,육지,84.58,617.0,48107.0
20260413,2,제주,84.58,617.0,48107.0
20260413,3,육지,113.02,594.0,47118.0
20260413,3,제주,113.02,594.0,47118.0
20260413,4,육지,113.01,579.0,46874.0
20260413,4,제주,113.01,579.0,46874.0
20260413,5,육지,113.02,582.0,47480.0
20260413,5,제주,113.02,582.0,47480.0
20260413,6,육지,84.58,598.0,49450.0
20260413,6,제주,84.58,598.0,49450.0
20260413,7,육지,113.2,621.0,52973.0
20260413,7,제주,113.2,621.0,52973.0
20260413,8,육지,127.57,655.0,58004.0
20260413,8,제주,132.23,655.0,58004.0
20260413,9,육지,127.0,689.0,62341.0
20260413,9,제주,131.22,689.0,62341.0
20260413,10,육지,124.04,707.0,63146.0
20260413,10,제주,124.04,707.0,63146.0
20260413,11,육지,130.45,755.0,62318.0
20260413,11,제주,133.24,755.0,62318.0
20260413,12,육지,124.24,744.0,60930.0
20260413,12,제주,124.24,744.0,60930.0
20260413,13,육지,121.32,735.0,58156.0
20260413,13,제주,121.32,735.0,58156.0
20260413,14,육지,121.32,737.0,60234.0
20260413,14,제주,121.32,737.0,60234.0
20260413,15,육지,120.86,738.0,61341.0
20260413,15,제주,120.86,738.0,61341.0
20260413,16,육지,121.32,740.0,62459.0
20260413,16,제주,121.32,740.0,62459.0
20260413,17,육지,128.05,757.0,63954.0
20260413,17,제주,128.05,757.0,63954.0
20260413,18,육지,126.56,775.0,64428.0
20260413,18,제주,126.56,775.0,64428.0
20260413,19,육지,128.81,799.0,65274.0
20260413,19,제주,128.81,799.0,65274.0
20260413,20,육지,127.27,813.0,65422.0
20260413,20,제주,127.27,813.0,65422.0
20260413,21,육지,126.6,793.0,63663.0
20260413,21,제주,126.6,793.0,63663.0
20260413,22,육지,126.6,767.0,61761.0
20260413,22,제주,126.6,767.0,61761.0
20260413,23,육지,128.21,745.0,60891.0
20260413,23,제주,128.21,745.0,60891.0
20260413,24,육지,126.6,716.0,59197.0
20260413,24,제주,126.6,716.0,59197.0
20260414,1,육지,126.24,655.0,54164.0
20260414,1,제주,128.49,655.0,54164.0
20260414,2,육지,117.82,624.0,52045.0
20260414,2,제주,117.82,624.0,52045.0
20260414,3,육지,106.79,603.0,51199.0
20260414,3,제주,106.79,603.0,51199.0
20260414,4,육지,106.79,588.0,50625.0
20260414,4,제주,106.79,588.0,50625.0
20260414,5,육지,106.79,555.0,50945.0
20260414,5,제주,106.79,555.0,50945.0
20260414,6,육지,109.6,570.0,52128.0
20260414,6,제주,109.6,570.0,52128.0
20260414,7,육지,114.93,595.0,54811.0
20260414,7,제주,114.93,595.0,54811.0
20260414,8,육지,122.91,639.0,56790.0
20260414,8,제주,122.91,639.0,56790.0
20260414,9,육지,125.52,650.0,58117.0
20260414,9,제주,125.52,650.0,58117.0
20260414,10,육지,111.54,653.0,57565.0
20260414,10,제주,111.54,653.0,57565.0
20260414,11,육지,99.09,678.0,55540.0
20260414,11,제주,99.09,678.0,55540.0
20260414,12,육지,99.07,660.0,53153.0
20260414,12,제주,99.07,660.0,53153.0
20260414,13,육지,99.05,652.0,50818.0
20260414,13,제주,99.05,652.0,50818.0
20260414,14,육지,99.03,677.0,53790.0
20260414,14,제주,99.03,677.0,53790.0
20260414,15,육지,110.56,675.0,55150.0
20260414,15,제주,110.56,675.0,55150.0
20260414,16,육지,118.0,685.0,57360.0
20260414,16,제주,118.0,685.0,57360.0
20260414,17,육지,120.51,701.0,60060.0
20260414,17,제주,120.51,701.0,60060.0
20260414,18,육지,122.91,712.0,61763.0
20260414,18,제주,122.91,712.0,61763.0
20260414,19,육지,135.59,727.0,63803.0
20260414,19,제주,135.59,727.0,63803.0
20260414,20,육지,135.62,739.0,64792.0
20260414,20,제주,135.62,739.0,64792.0
20260414,21,육지,125.84,738.0,62962.0
20260414,21,제주,128.59,738.0,62962.0
20260414,22,육지,125.63,722.0,60867.0
20260414,22,제주,128.59,722.0,60867.0
20260414,23,육지,127.13,698.0,59634.0
20260414,23,제주,129.6,698.0,59634.0
20260414,24,육지,125.78,674.0,57768.0
20260414,24,제주,128.59,674.0,57768.0
20260415,1,육지,123.99,664.0,54171.0
20260415,1,제주,123.99,664.0,54171.0
20260415,2,육지,107.5,632.0,52168.0
20260415,2,제주,107.5,632.0,52168.0
20260415,3,육지,107.5,611.0,51251.0
20260415,3,제주,107.5,611.0,51251.0
20260415,4,육지,107.5,596.0,50706.0
20260415,4,제주,107.5,596.0,50706.0
20260415,5,육지,107.5,580.0,50918.0
20260415,5,제주,107.5,580.0,50918.0
20260415,6,육지,114.3,596.0,52193.0
20260415,6,제주,114.3,596.0,52193.0
20260415,7,육지,128.57,622.0,54279.0
20260415,7,제주,128.57,622.0,54279.0
20260415,8,육지,128.57,676.0,55456.0
20260415,8,제주,128.57,676.0,55456.0
20260415,9,육지,111.75,687.0,55721.0
20260415,9,제주,111.75,687.0,55721.0
20260415,10,육지,109.73,663.0,54078.0
20260415,10,제주,109.73,663.0,54078.0
20260415,11,육지,111.07,617.0,51497.0
20260415,11,제주,111.07,617.0,51497.0
20260415,12,육지,111.07,586.0,48665.0
20260415,12,제주,111.07,586.0,48665.0
20260415,13,육지,109.73,559.0,45886.0
20260415,13,제주,109.73,559.0,45886.0
20260415,14,육지,110.95,575.0,48453.0
20260415,14,제주,110.95,575.0,48453.0
20260415,15,육지,110.87,586.0,49837.0
20260415,15,제주,110.87,586.0,49837.0
20260415,16,육지,110.87,609.0,52656.0
20260415,16,제주,110.87,609.0,52656.0
20260415,17,육지,109.73,656.0,56321.0
20260415,17,제주,109.73,656.0,56321.0
20260415,18,육지,128.18,696.0,59164.0
20260415,18,제주,128.18,696.0,59164.0
20260415,19,육지,129.28,734.0,62721.0
20260415,19,제주,133.67,734.0,62721.0
20260415,20,육지,141.09,770.0,64270.0
20260415,20,제주,141.09,770.0,64270.0
20260415,21,육지,129.28,769.0,62909.0
20260415,21,제주,133.67,769.0,62909.0
20260415,22,육지,122.19,752.0,60887.0
20260415,22,제주,128.99,752.0,60887.0
20260415,23,육지,113.91,734.0,59562.0
20260415,23,제주,128.99,734.0,59562.0
20260415,24,육지,111.75,708.0,57751.0
20260415,24,제주,128.99,708.0,57751.0
20260416,1,육지,110.96,649.0,54478.0
20260416,1,제주,110.96,649.0,54478.0
20260416,2,육지,109.45,616.0,52710.0
20260416,2,제주,109.45,616.0,52710.0
20260416,3,육지,109.45,593.0,51653.0
20260416,3,제주,109.45,593.0,51653.0
20260416,4,육지,109.45,581.0,51048.0
20260416,4,제주,109.45,581.0,51048.0
20260416,5,육지,109.45,570.0,51280.0
20260416,5,제주,109.45,570.0,51280.0
20260416,6,육지,109.45,589.0,52606.0
20260416,6,제주,109.45,589.0,52606.0
20260416,7,육지,113.93,615.0,54793.0
20260416,7,제주,113.93,615.0,54793.0
20260416,8,육지,139.4,628.0,55578.0
20260416,8,제주,139.4,628.0,55578.0
20260416,9,육지,109.45,636.0,55230.0
20260416,9,제주,109.45,636.0,55230.0
20260416,10,육지,111.27,621.0,53650.0
20260416,10,제주,111.27,621.0,53650.0
20260416,11,육지,111.08,580.0,51606.0
20260416,11,제주,111.08,580.0,51606.0
20260416,12,육지,110.84,557.0,48890.0
20260416,12,제주,110.84,557.0,48890.0
20260416,13,육지,109.45,538.0,46884.0
20260416,13,제주,109.45,538.0,46884.0
20260416,14,육지,110.6,556.0,49508.0
20260416,14,제주,93.75,556.0,49508.0
20260416,15,육지,110.56,565.0,51805.0
20260416,15,제주,110.56,565.0,51805.0
20260416,16,육지,110.56,589.0,54992.0
20260416,16,제주,110.56,589.0,54992.0
20260416,17,육지,110.52,644.0,59453.0
20260416,17,제주,110.52,644.0,59453.0
20260416,18,육지,124.22,697.0,61831.0
20260416,18,제주,130.68,697.0,61831.0
20260416,19,육지,134.23,730.0,64299.0
20260416,19,제주,135.08,730.0,64299.0
20260416,20,육지,134.23,760.0,64636.0
20260416,20,제주,135.08,760.0,64636.0
20260416,21,육지,120.27,751.0,63065.0
20260416,21,제주,130.34,751.0,63065.0
20260416,22,육지,119.68,728.0,61071.0
20260416,22,제주,119.68,728.0,61071.0
20260416,23,육지,119.68,708.0,59913.0
20260416,23,제주,119.68,708.0,59913.0
20260416,24,육지,111.35,680.0,57847.0
20260416,24,제주,111.35,680.0,57847.0
20260417,1,육지,127.15,635.0,56747.0
20260417,1,제주,127.15,635.0,56747.0
20260417,2,육지,124.3,601.0,54507.0
20260417,2,제주,124.3,601.0,54507.0
20260417,3,육지,110.15,578.0,53451.0
20260417,3,제주,110.15,578.0,53451.0
20260417,4,육지,110.23,566.0,52950.0
20260417,4,제주,110.23,566.0,52950.0
20260417,5,육지,110.23,561.0,53443.0
20260417,5,제주,110.23,561.0,53443.0
20260417,6,육지,116.31,577.0,54924.0
20260417,6,제주,116.31,577.0,54924.0
20260417,7,육지,124.71,603.0,57399.0
20260417,7,제주,124.71,603.0,57399.0
20260417,8,육지,127.16,643.0,60224.0
20260417,8,제주,127.16,643.0,60224.0
20260417,9,육지,126.93,669.0,63131.0
20260417,9,제주,126.93,669.0,63131.0
20260417,10,육지,126.59,671.0,64012.0
20260417,10,제주,126.59,671.0,64012.0
20260417,11,육지,126.59,669.0,63942.0
20260417,11,제주,126.59,669.0,63942.0
20260417,12,육지,120.81,672.0,61941.0
20260417,12,제주,120.81,672.0,61941.0
20260417,13,육지,120.08,658.0,59520.0
20260417,13,제주,120.08,658.0,59520.0
20260417,14,육지,120.08,677.0,61988.0
20260417,14,제주,120.08,677.0,61988.0
20260417,15,육지,120.89,674.0,63369.0
20260417,15,제주,120.89,674.0,63369.0
20260417,16,육지,132.14,681.0,64638.0
20260417,16,제주,132.14,681.0,64638.0
20260417,17,육지,129.2,703.0,65039.0
20260417,17,제주,129.2,703.0,65039.0
20260417,18,육지,129.22,719.0,64626.0
20260417,18,제주,129.25,719.0,64626.0
20260417,19,육지,129.25,730.0,65651.0
20260417,19,제주,129.47,730.0,65651.0
20260417,20,육지,129.28,740.0,65867.0
20260417,20,제주,130.01,740.0,65867.0
20260417,21,육지,129.28,746.0,64390.0
20260417,21,제주,130.01,746.0,64390.0
20260417,22,육지,129.3,729.0,62599.0
20260417,22,제주,130.01,729.0,62599.0
20260417,23,육지,125.8,696.0,61750.0
20260417,23,제주,125.8,696.0,61750.0
20260417,24,육지,125.58,671.0,59822.0
20260417,24,제주,125.58,671.0,59822.0
20260418,1,육지,122.53,654.0,54175.0
20260418,1,제주,122.53,654.0,54175.0
20260418,2,육지,122.02,625.0,52086.0
20260418,2,제주,122.02,625.0,52086.0
20260418,3,육지,114.13,609.0,50974.0
20260418,3,제주,114.13,609.0,50974.0
20260418,4,육지,98.44,600.0,49999.0
20260418,4,제주,98.44,600.0,49999.0
20260418,5,육지,114.2,595.0,49852.0
20260418,5,제주,114.2,595.0,49852.0
20260418,6,육지,115.06,609.0,51124.0
20260418,6,제주,115.06,609.0,51124.0
20260418,7,육지,115.02,617.0,50510.0
20260418,7,제주,115.02,617.0,50510.0
20260418,8,육지,114.04,633.0,48757.0
20260418,8,제주,114.04,633.0,48757.0
20260418,9,육지,98.56,598.0,45840.0
20260418,9,제주,98.56,598.0,45840.0
20260418,10,육지,99.17,602.0,42915.0
20260418,10,제주,99.17,602.0,42915.0
20260418,11,육지,98.86,601.0,40051.0
20260418,11,제주,98.86,601.0,40051.0
20260418,12,육지,98.93,600.0,38122.0
20260418,12,제주,98.93,600.0,38122.0
20260418,13,육지,99.13,597.0,36997.0
20260418,13,제주,99.13,597.0,36997.0
20260418,14,육지,99.12,596.0,38305.0
20260418,14,제주,99.12,596.0,38305.0
20260418,15,육지,99.12,594.0,40343.0
20260418,15,제주,99.12,594.0,40343.0
20260418,16,육지,100.48,599.0,42621.0
20260418,16,제주,100.48,599.0,42621.0
20260418,17,육지,99.67,629.0,46381.0
20260418,17,제주,99.67,629.0,46381.0
20260418,18,육지,124.02,667.0,50435.0
20260418,18,제주,124.02,667.0,50435.0
20260418,19,육지,129.58,721.0,54592.0
20260418,19,제주,129.58,721.0,54592.0
20260418,20,육지,130.78,735.0,56969.0
20260418,20,제주,130.78,735.0,56969.0
20260418,21,육지,130.78,740.0,56417.0
20260418,21,제주,130.78,740.0,56417.0
20260418,22,육지,124.26,731.0,55017.0
20260418,22,제주,124.26,731.0,55017.0
20260418,23,육지,124.26,705.0,54619.0
20260418,23,제주,124.26,705.0,54619.0
20260418,24,육지,124.3,680.0,53361.0
20260418,24,제주,124.3,680.0,53361.0
20260419,1,육지,124.33,661.0,51186.0
20260419,1,제주,124.33,661.0,51186.0
20260419,2,육지,109.15,632.0,48890.0
20260419,2,제주,109.15,632.0,48890.0
20260419,3,육지,109.15,612.0,47658.0
20260419,3,제주,109.15,612.0,47658.0
20260419,4,육지,109.15,601.0,46979.0
20260419,4,제주,109.15,601.0,46979.0
20260419,5,육지,111.21,602.0,46853.0
20260419,5,제주,111.21,602.0,46853.0
20260419,6,육지,111.21,616.0,46959.0
20260419,6,제주,111.21,616.0,46959.0
20260419,7,육지,111.29,626.0,47177.0
20260419,7,제주,111.29,626.0,47177.0
20260419,8,육지,110.8,611.0,45430.0
20260419,8,제주,110.8,611.0,45430.0
20260419,9,육지,96.04,596.0,41398.0
20260419,9,제주,96.04,596.0,41398.0
20260419,10,육지,97.31,582.0,38245.0
20260419,10,제주,97.31,582.0,38245.0
20260419,11,육지,98.57,553.0,35916.0
20260419,11,제주,98.57,553.0,35916.0
20260419,12,육지,98.43,540.0,33960.0
20260419,12,제주,98.43,540.0,33960.0
20260419,13,육지,99.16,503.0,33816.0
20260419,13,제주,99.16,503.0,33816.0
20260419,14,육지,99.09,492.0,35198.0
20260419,14,제주,99.09,492.0,35198.0
20260419,15,육지,99.12,523.0,37514.0
20260419,15,제주,99.12,523.0,37514.0
20260419,16,육지,99.03,561.0,40663.0
20260419,16,제주,99.03,561.0,40663.0
20260419,17,육지,112.77,608.0,45499.0
20260419,17,제주,112.77,608.0,45499.0
20260419,18,육지,112.77,663.0,50592.0
20260419,18,제주,112.77,663.0,50592.0
20260419,19,육지,122.73,716.0,55046.0
20260419,19,제주,122.73,716.0,55046.0
20260419,20,육지,134.5,749.0,57275.0
20260419,20,제주,134.5,749.0,57275.0
20260419,21,육지,127.42,750.0,56806.0
20260419,21,제주,127.42,750.0,56806.0
20260419,22,육지,127.41,735.0,55615.0
20260419,22,제주,127.41,735.0,55615.0
20260419,23,육지,127.41,718.0,54457.0
20260419,23,제주,127.41,718.0,54457.0
20260419,24,육지,127.41,690.0,52101.0
20260419,24,제주,127.41,690.0,52101.0
20260420,1,육지,100.95,654.0,48048.0
20260420,1,제주,100.95,654.0,48048.0
20260420,2,육지,99.27,622.0,46459.0
20260420,2,제주,99.27,622.0,46459.0
20260420,3,육지,94.5,598.0,45423.0
20260420,3,제주,94.5,598.0,45423.0
20260420,4,육지,94.5,580.0,45086.0
20260420,4,제주,94.5,580.0,45086.0
20260420,5,육지,94.5,600.0,45625.0
20260420,5,제주,94.5,600.0,45625.0
20260420,6,육지,94.5,620.0,47322.0
20260420,6,제주,94.5,620.0,47322.0
20260420,7,육지,112.28,641.0,50180.0
20260420,7,제주,112.28,641.0,50180.0
20260420,8,육지,116.87,633.0,54786.0
20260420,8,제주,116.87,633.0,54786.0
20260420,9,육지,119.26,642.0,58022.0
20260420,9,제주,119.26,642.0,58022.0
20260420,10,육지,122.99,613.0,58786.0
20260420,10,제주,122.99,613.0,58786.0
20260420,11,육지,121.97,588.0,58531.0
20260420,11,제주,121.97,588.0,58531.0
20260420,12,육지,122.12,545.0,57403.0
20260420,12,제주,122.12,545.0,57403.0
20260420,13,육지,120.33,536.0,55618.0
20260420,13,제주,120.33,536.0,55618.0
20260420,14,육지,121.97,563.0,58660.0
20260420,14,제주,121.97,563.0,58660.0
20260420,15,육지,121.97,576.0,60609.0
20260420,15,제주,121.97,576.0,60609.0
20260420,16,육지,133.16,619.0,61836.0
20260420,16,제주,133.16,619.0,61836.0
20260420,17,육지,126.86,673.0,63036.0
20260420,17,제주,126.86,673.0,63036.0
20260420,18,육지,126.86,710.0,63017.0
20260420,18,제주,126.86,710.0,63017.0
20260420,19,육지,126.86,742.0,63982.0
20260420,19,제주,126.86,742.0,63982.0
20260420,20,육지,126.86,771.0,64560.0
20260420,20,제주,126.86,771.0,64560.0
20260420,21,육지,124.12,773.0,62544.0
20260420,21,제주,124.12,773.0,62544.0
20260420,22,육지,124.1,764.0,60361.0
20260420,22,제주,124.1,764.0,60361.0
20260420,23,육지,124.1,750.0,59306.0
20260420,23,제주,124.1,750.0,59306.0
20260420,24,육지,124.1,732.0,57256.0
20260420,24,제주,124.1,732.0,57256.0
20260421,1,육지,121.58,724.0,54587.0
20260421,1,제주,121.58,724.0,54587.0
20260421,2,육지,108.18,684.0,52698.0
20260421,2,제주,108.18,684.0,52698.0
20260421,3,육지,106.98,655.0,51677.0
20260421,3,제주,106.98,655.0,51677.0
20260421,4,육지,107.08,641.0,51421.0
20260421,4,제주,107.08,641.0,51421.0
20260421,5,육지,108.27,638.0,51473.0
20260421,5,제주,108.27,638.0,51473.0
20260421,6,육지,120.69,657.0,52827.0
20260421,6,제주,120.69,657.0,52827.0
20260421,7,육지,123.91,681.0,55312.0
20260421,7,제주,123.91,681.0,55312.0
20260421,8,육지,123.57,627.0,55091.0
20260421,8,제주,123.57,627.0,55091.0
20260421,9,육지,116.32,627.0,54509.0
20260421,9,제주,116.32,627.0,54509.0
20260421,10,육지,98.89,610.0,52123.0
20260421,10,제주,98.89,610.0,52123.0
20260421,11,육지,98.88,572.0,50024.0
20260421,11,제주,98.88,572.0,50024.0
20260421,12,육지,98.85,543.0,47257.0
20260421,12,제주,98.85,543.0,47257.0
20260421,13,육지,98.77,534.0,43997.0
20260421,13,제주,98.77,534.0,43997.0
20260421,14,육지,98.84,563.0,47097.0
20260421,14,제주,98.84,563.0,47097.0
20260421,15,육지,98.84,569.0,49455.0
20260421,15,제주,98.84,569.0,49455.0
20260421,16,육지,98.85,595.0,52061.0
20260421,16,제주,98.85,595.0,52061.0
20260421,17,육지,116.62,665.0,56107.0
20260421,17,제주,116.62,665.0,56107.0
20260421,18,육지,125.05,722.0,59785.0
20260421,18,제주,125.05,722.0,59785.0
20260421,19,육지,140.97,758.0,63955.0
20260421,19,제주,140.97,758.0,63955.0
20260421,20,육지,140.97,784.0,65033.0
20260421,20,제주,140.97,784.0,65033.0
20260421,21,육지,140.96,777.0,63122.0
20260421,21,제주,140.96,777.0,63122.0
20260421,22,육지,125.62,755.0,61201.0
20260421,22,제주,127.94,755.0,61201.0
20260421,23,육지,125.64,735.0,60205.0
20260421,23,제주,127.94,735.0,60205.0
20260421,24,육지,125.64,706.0,58045.0
20260421,24,제주,125.64,706.0,58045.0
20260422,1,육지,120.92,644.0,54115.0
20260422,1,제주,120.92,644.0,54115.0
20260422,2,육지,98.96,608.0,52091.0
20260422,2,제주,98.96,608.0,52091.0
20260422,3,육지,98.15,583.0,51039.0
20260422,3,제주,98.15,583.0,51039.0
20260422,4,육지,96.86,570.0,50500.0
20260422,4,제주,96.86,570.0,50500.0
20260422,5,육지,97.2,569.0,50788.0
20260422,5,제주,97.2,569.0,50788.0
20260422,6,육지,98.69,586.0,51973.0
20260422,6,제주,98.69,586.0,51973.0
20260422,7,육지,111.03,613.0,54663.0
20260422,7,제주,111.03,613.0,54663.0
20260422,8,육지,120.0,647.0,58027.0
20260422,8,제주,120.0,647.0,58027.0
20260422,9,육지,128.17,674.0,61662.0
20260422,9,제주,128.17,674.0,61662.0
20260422,10,육지,128.24,682.0,61747.0
20260422,10,제주,128.24,682.0,61747.0
20260422,11,육지,128.24,694.0,61150.0
20260422,11,제주,128.24,694.0,61150.0
20260422,12,육지,128.24,689.0,58220.0
20260422,12,제주,128.24,689.0,58220.0
20260422,13,육지,124.14,687.0,54804.0
20260422,13,제주,124.14,687.0,54804.0
20260422,14,육지,121.06,710.0,56375.0
20260422,14,제주,121.06,710.0,56375.0
20260422,15,육지,124.14,704.0,57642.0
20260422,15,제주,124.14,704.0,57642.0
20260422,16,육지,120.0,707.0,58883.0
20260422,16,제주,120.0,707.0,58883.0
20260422,17,육지,124.15,722.0,61009.0
20260422,17,제주,124.15,722.0,61009.0
20260422,18,육지,124.15,740.0,61733.0
20260422,18,제주,124.15,740.0,61733.0
20260422,19,육지,124.15,743.0,63266.0
20260422,19,제주,124.15,743.0,63266.0
20260422,20,육지,126.08,758.0,64432.0
20260422,20,제주,126.08,758.0,64432.0
20260422,21,육지,126.04,751.0,62718.0
20260422,21,제주,126.04,751.0,62718.0
20260422,22,육지,126.08,730.0,60728.0
20260422,22,제주,126.08,730.0,60728.0
20260422,23,육지,124.16,707.0,59796.0
20260422,23,제주,124.16,707.0,59796.0
20260422,24,육지,124.16,678.0,57668.0
20260422,24,제주,124.16,678.0,57668.0
20260423,1,육지,120.81,639.0,55236.0
20260423,1,제주,120.81,639.0,55236.0
20260423,2,육지,120.41,610.0,53206.0
20260423,2,제주,120.41,610.0,53206.0
20260423,3,육지,105.73,590.0,52041.0
20260423,3,제주,105.73,590.0,52041.0
20260423,4,육지,105.73,576.0,51660.0
20260423,4,제주,105.73,576.0,51660.0
20260423,5,육지,105.73,576.0,51804.0
20260423,5,제주,105.73,576.0,51804.0
20260423,6,육지,109.87,593.0,53470.0
20260423,6,제주,109.87,593.0,53470.0
20260423,7,육지,126.08,614.0,55830.0
20260423,7,제주,126.08,614.0,55830.0
20260423,8,육지,127.53,648.0,58483.0
20260423,8,제주,127.53,648.0,58483.0
20260423,9,육지,127.5,667.0,59562.0
20260423,9,제주,127.5,667.0,59562.0
20260423,10,육지,123.38,679.0,58292.0
20260423,10,제주,123.38,679.0,58292.0
20260423,11,육지,99.03,672.0,56228.0
20260423,11,제주,99.03,672.0,56228.0
20260423,12,육지,98.91,666.0,52845.0
20260423,12,제주,98.91,666.0,52845.0
20260423,13,육지,98.39,665.0,49627.0
20260423,13,제주,98.39,665.0,49627.0
20260423,14,육지,98.98,686.0,51853.0
20260423,14,제주,98.98,686.0,51853.0
20260423,15,육지,98.91,672.0,53940.0
20260423,15,제주,98.91,672.0,53940.0
20260423,16,육지,98.91,637.0,55905.0
20260423,16,제주,98.91,637.0,55905.0
20260423,17,육지,115.13,635.0,59274.0
20260423,17,제주,115.13,635.0,59274.0
20260423,18,육지,118.79,684.0,61455.0
20260423,18,제주,118.79,684.0,61455.0
20260423,19,육지,126.71,727.0,64359.0
20260423,19,제주,126.71,727.0,64359.0
20260423,20,육지,135.13,759.0,65282.0
20260423,20,제주,135.13,759.0,65282.0
20260423,21,육지,135.13,755.0,63447.0
20260423,21,제주,135.13,755.0,63447.0
20260423,22,육지,124.59,738.0,61593.0
20260423,22,제주,124.59,738.0,61593.0
20260423,23,육지,124.59,726.0,60637.0
20260423,23,제주,124.59,726.0,60637.0
20260423,24,육지,124.59,697.0,58495.0
20260423,24,제주,124.59,697.0,58495.0
20260424,1,육지,122.73,657.0,54456.0
20260424,1,제주,122.73,657.0,54456.0
20260424,2,육지,107.29,625.0,52704.0
20260424,2,제주,107.29,625.0,52704.0
20260424,3,육지,107.29,601.0,51660.0
20260424,3,제주,107.29,601.0,51660.0
20260424,4,육지,107.29,585.0,51215.0
20260424,4,제주,107.29,585.0,51215.0
20260424,5,육지,108.8,593.0,51486.0
20260424,5,제주,108.8,593.0,51486.0
20260424,6,육지,122.81,608.0,52789.0
20260424,6,제주,122.81,608.0,52789.0
20260424,7,육지,124.31,631.0,54341.0
20260424,7,제주,124.31,631.0,54341.0
20260424,8,육지,124.31,626.0,55263.0
20260424,8,제주,124.31,626.0,55263.0
20260424,9,육지,121.88,631.0,54979.0
20260424,9,제주,121.88,631.0,54979.0
20260424,10,육지,121.16,594.0,52942.0
20260424,10,제주,121.16,594.0,52942.0
20260424,11,육지,98.96,556.0,50601.0
20260424,11,제주,98.96,556.0,50601.0
20260424,12,육지,98.92,534.0,47841.0
20260424,12,제주,98.92,534.0,47841.0
20260424,13,육지,98.9,517.0,44532.0
20260424,13,제주,0.0,517.0,44532.0
20260424,14,육지,98.88,525.0,47785.0
20260424,14,제주,0.0,525.0,47785.0
20260424,15,육지,98.88,545.0,50130.0
20260424,15,제주,98.88,545.0,50130.0
20260424,16,육지,98.88,578.0,52511.0
20260424,16,제주,98.88,578.0,52511.0
20260424,17,육지,107.54,623.0,56090.0
20260424,17,제주,107.54,623.0,56090.0
20260424,18,육지,125.34,686.0,59115.0
20260424,18,제주,125.34,686.0,59115.0
20260424,19,육지,125.35,726.0,62484.0
20260424,19,제주,125.35,726.0,62484.0
20260424,20,육지,135.2,769.0,63997.0
20260424,20,제주,135.2,769.0,63997.0
20260424,21,육지,135.24,754.0,62777.0
20260424,21,제주,135.24,754.0,62777.0
20260424,22,육지,125.35,730.0,60903.0
20260424,22,제주,125.35,730.0,60903.0
20260424,23,육지,125.35,728.0,59932.0
20260424,23,제주,125.35,728.0,59932.0
20260424,24,육지,125.35,701.0,58031.0
20260424,24,제주,125.35,701.0,58031.0
20260425,1,육지,124.56,691.0,54432.0
20260425,1,제주,124.56,691.0,54432.0
20260425,2,육지,121.47,664.0,52153.0
20260425,2,제주,121.47,664.0,52153.0
20260425,3,육지,111.31,647.0,51237.0
20260425,3,제주,111.31,647.0,51237.0
20260425,4,육지,112.04,637.0,50376.0
20260425,4,제주,112.04,637.0,50376.0
20260425,5,육지,121.63,643.0,50266.0
20260425,5,제주,121.63,643.0,50266.0
20260425,6,육지,121.93,651.0,50585.0
20260425,6,제주,121.93,651.0,50585.0
20260425,7,육지,123.79,653.0,50266.0
20260425,7,제주,123.79,653.0,50266.0
20260425,8,육지,121.26,617.0,47999.0
20260425,8,제주,121.26,617.0,47999.0
20260425,9,육지,111.81,582.0,45428.0
20260425,9,제주,111.81,582.0,45428.0
20260425,10,육지,115.95,572.0,42780.0
20260425,10,제주,115.95,572.0,42780.0
20260425,11,육지,117.8,512.0,40714.0
20260425,11,제주,117.8,512.0,40714.0
20260425,12,육지,117.8,495.0,38771.0
20260425,12,제주,0.0,495.0,38771.0
20260425,13,육지,117.71,490.0,37318.0
20260425,13,제주,0.0,490.0,37318.0
20260425,14,육지,117.79,502.0,38399.0
20260425,14,제주,0.0,502.0,38399.0
20260425,15,육지,117.79,513.0,39788.0
20260425,15,제주,117.79,513.0,39788.0
20260425,16,육지,117.79,543.0,41849.0
20260425,16,제주,117.79,543.0,41849.0
20260425,17,육지,117.81,598.0,45766.0
20260425,17,제주,117.81,598.0,45766.0
20260425,18,육지,117.76,659.0,49741.0
20260425,18,제주,117.76,659.0,49741.0
20260425,19,육지,136.82,703.0,54393.0
20260425,19,제주,136.82,703.0,54393.0
20260425,20,육지,136.64,740.0,56761.0
20260425,20,제주,136.64,740.0,56761.0
20260425,21,육지,128.66,750.0,56256.0
20260425,21,제주,130.7,750.0,56256.0
20260425,22,육지,128.66,738.0,55007.0
20260425,22,제주,130.7,738.0,55007.0
20260425,23,육지,128.65,727.0,54812.0
20260425,23,제주,130.7,727.0,54812.0
20260425,24,육지,125.98,706.0,53273.0
20260425,24,제주,127.74,706.0,53273.0
20260426,1,육지,117.19,651.0,50373.0
20260426,1,제주,117.19,651.0,50373.0
20260426,2,육지,108.33,620.0,48193.0
20260426,2,제주,108.33,620.0,48193.0
20260426,3,육지,108.33,599.0,47095.0
20260426,3,제주,108.33,599.0,47095.0
20260426,4,육지,108.33,586.0,46335.0
20260426,4,제주,108.33,586.0,46335.0
20260426,5,육지,112.34,589.0,46557.0
20260426,5,제주,112.34,589.0,46557.0
20260426,6,육지,117.85,597.0,46783.0
20260426,6,제주,117.85,597.0,46783.0
20260426,7,육지,117.85,603.0,46818.0
20260426,7,제주,117.85,603.0,46818.0
20260426,8,육지,117.78,561.0,45092.0
20260426,8,제주,117.78,561.0,45092.0
20260426,9,육지,97.57,537.0,41228.0
20260426,9,제주,97.57,537.0,41228.0
20260426,10,육지,98.71,539.0,37679.0
20260426,10,제주,98.71,539.0,37679.0
20260426,11,육지,98.73,515.0,35091.0
20260426,11,제주,98.73,515.0,35091.0
20260426,12,육지,98.69,502.0,34036.0
20260426,12,제주,98.69,502.0,34036.0
20260426,13,육지,98.69,488.0,33768.0
20260426,13,제주,98.69,488.0,33768.0
20260426,14,육지,98.67,490.0,34614.0
20260426,14,제주,98.67,490.0,34614.0
20260426,15,육지,98.67,513.0,36283.0
20260426,15,제주,98.67,513.0,36283.0
20260426,16,육지,104.97,541.0,40309.0
20260426,16,제주,104.97,541.0,40309.0
20260426,17,육지,112.5,591.0,44580.0
20260426,17,제주,112.5,591.0,44580.0
20260426,18,육지,115.88,647.0,50080.0
20260426,18,제주,115.88,647.0,50080.0
20260426,19,육지,117.79,692.0,54377.0
20260426,19,제주,117.79,692.0,54377.0
20260426,20,육지,128.13,738.0,56428.0
20260426,20,제주,128.13,738.0,56428.0
20260426,21,육지,117.85,735.0,55735.0
20260426,21,제주,117.85,735.0,55735.0
20260426,22,육지,117.87,716.0,54295.0
20260426,22,제주,117.87,716.0,54295.0
20260426,23,육지,117.87,714.0,53076.0
20260426,23,제주,117.87,714.0,53076.0
20260426,24,육지,116.81,684.0,51226.0
20260426,24,제주,116.81,684.0,51226.0
20260427,1,육지,102.27,679.0,48177.0
20260427,1,제주,102.27,679.0,48177.0
20260427,2,육지,87.11,648.0,46279.0
20260427,2,제주,87.11,648.0,46279.0
20260427,3,육지,87.11,622.0,45428.0
20260427,3,제주,87.11,622.0,45428.0
20260427,4,육지,87.11,606.0,45019.0
20260427,4,제주,87.11,606.0,45019.0
20260427,5,육지,87.11,599.0,45723.0
20260427,5,제주,87.11,599.0,45723.0
20260427,6,육지,87.11,615.0,47372.0
20260427,6,제주,87.11,615.0,47372.0
20260427,7,육지,112.58,642.0,49988.0
20260427,7,제주,112.58,642.0,49988.0
20260427,8,육지,114.78,625.0,53435.0
20260427,8,제주,114.78,625.0,53435.0
20260427,9,육지,121.18,635.0,55379.0
20260427,9,제주,121.18,635.0,55379.0
20260427,10,육지,122.31,619.0,54578.0
20260427,10,제주,122.31,619.0,54578.0
20260427,11,육지,122.31,575.0,52466.0
20260427,11,제주,122.31,575.0,52466.0
20260427,12,육지,121.74,549.0,49538.0
20260427,12,제주,121.74,549.0,49538.0
20260427,13,육지,118.82,530.0,46919.0
20260427,13,제주,118.82,530.0,46919.0
20260427,14,육지,121.74,548.0,50431.0
20260427,14,제주,121.74,548.0,50431.0
20260427,15,육지,121.74,576.0,53342.0
20260427,15,제주,121.74,576.0,53342.0
20260427,16,육지,121.74,604.0,55811.0
20260427,16,제주,121.74,604.0,55811.0
20260427,17,육지,126.93,658.0,59143.0
20260427,17,제주,126.93,658.0,59143.0
20260427,18,육지,126.94,703.0,61140.0
20260427,18,제주,126.94,703.0,61140.0
20260427,19,육지,126.94,733.0,63508.0
20260427,19,제주,126.94,733.0,63508.0
20260427,20,육지,137.41,809.0,64047.0
20260427,20,제주,137.41,809.0,64047.0
20260427,21,육지,137.13,805.0,62506.0
20260427,21,제주,137.13,805.0,62506.0
20260427,22,육지,126.94,787.0,60439.0
20260427,22,제주,128.55,787.0,60439.0
20260427,23,육지,129.28,755.0,59313.0
20260427,23,제주,129.46,755.0,59313.0
20260427,24,육지,126.94,728.0,57382.0
20260427,24,제주,128.55,728.0,57382.0
20260428,1,육지,121.07,623.0,53800.0
20260428,1,제주,121.07,623.0,53800.0
20260428,2,육지,111.9,598.0,52183.0
20260428,2,제주,111.9,598.0,52183.0
20260428,3,육지,111.63,580.0,51186.0
20260428,3,제주,111.63,580.0,51186.0
20260428,4,육지,111.51,568.0,50510.0
20260428,4,제주,111.51,568.0,50510.0
20260428,5,육지,105.87,562.0,50996.0
20260428,5,제주,105.87,562.0,50996.0
20260428,6,육지,118.57,578.0,52212.0
20260428,6,제주,118.57,578.0,52212.0
20260428,7,육지,120.74,591.0,54408.0
20260428,7,제주,120.74,591.0,54408.0
20260428,8,육지,128.55,608.0,58019.0
20260428,8,제주,128.55,608.0,58019.0
20260428,9,육지,128.56,608.0,60195.0
20260428,9,제주,128.56,608.0,60195.0
20260428,10,육지,128.56,599.0,59676.0
20260428,10,제주,128.56,599.0,59676.0
20260428,11,육지,124.69,602.0,57725.0
20260428,11,제주,124.69,602.0,57725.0
20260428,12,육지,124.87,566.0,53254.0
20260428,12,제주,124.87,566.0,53254.0
20260428,13,육지,110.49,543.0,47192.0
20260428,13,제주,0.0,543.0,47192.0
20260428,14,육지,110.49,584.0,49051.0
20260428,14,제주,110.49,584.0,49051.0
20260428,15,육지,110.49,619.0,51259.0
20260428,15,제주,110.49,619.0,51259.0
20260428,16,육지,110.49,645.0,53966.0
20260428,16,제주,110.49,645.0,53966.0
20260428,17,육지,110.49,691.0,57812.0
20260428,17,제주,110.49,691.0,57812.0
20260428,18,육지,116.62,723.0,60703.0
20260428,18,제주,116.62,723.0,60703.0
20260428,19,육지,137.57,742.0,63877.0
20260428,19,제주,137.57,742.0,63877.0
20260428,20,육지,138.19,780.0,64856.0
20260428,20,제주,138.19,780.0,64856.0
20260428,21,육지,123.94,789.0,62876.0
20260428,21,제주,123.94,789.0,62876.0
20260428,22,육지,123.94,771.0,61050.0
20260428,22,제주,123.94,771.0,61050.0
20260428,23,육지,119.94,754.0,60174.0
20260428,23,제주,119.94,754.0,60174.0
20260428,24,육지,119.96,730.0,58105.0
20260428,24,제주,119.96,730.0,58105.0
20260429,1,육지,124.2,680.0,54342.0
20260429,1,제주,124.2,680.0,54342.0
20260429,2,육지,112.45,652.0,52430.0
20260429,2,제주,112.45,652.0,52430.0
20260429,3,육지,104.91,632.0,51483.0
20260429,3,제주,104.91,632.0,51483.0
20260429,4,육지,104.91,620.0,50992.0
20260429,4,제주,104.91,620.0,50992.0
20260429,5,육지,104.91,614.0,51237.0
20260429,5,제주,104.91,614.0,51237.0
20260429,6,육지,113.81,631.0,52590.0
20260429,6,제주,113.81,631.0,52590.0
20260429,7,육지,123.76,647.0,54571.0
20260429,7,제주,123.76,647.0,54571.0
20260429,8,육지,123.56,614.0,56066.0
20260429,8,제주,123.56,614.0,56066.0
20260429,9,육지,113.81,615.0,56604.0
20260429,9,제주,113.81,615.0,56604.0
20260429,10,육지,115.72,609.0,55678.0
20260429,10,제주,115.72,609.0,55678.0
20260429,11,육지,125.25,607.0,54721.0
20260429,11,제주,125.25,607.0,54721.0
20260429,12,육지,125.15,609.0,53135.0
20260429,12,제주,125.15,609.0,53135.0
20260429,13,육지,113.81,599.0,51371.0
20260429,13,제주,113.81,599.0,51371.0
20260429,14,육지,124.97,609.0,54776.0
20260429,14,제주,124.97,609.0,54776.0
20260429,15,육지,124.86,613.0,57060.0
20260429,15,제주,124.86,613.0,57060.0
20260429,16,육지,113.7,629.0,58747.0
20260429,16,제주,113.7,629.0,58747.0
20260429,17,육지,133.6,671.0,60761.0
20260429,17,제주,133.6,671.0,60761.0
20260429,18,육지,124.45,702.0,61433.0
20260429,18,제주,127.9,702.0,61433.0
20260429,19,육지,133.71,723.0,63504.0
20260429,19,제주,133.71,723.0,63504.0
20260429,20,육지,136.57,778.0,64546.0
20260429,20,제주,136.57,778.0,64546.0
20260429,21,육지,136.57,788.0,63138.0
20260429,21,제주,136.57,788.0,63138.0
20260429,22,육지,124.46,769.0,61111.0
20260429,22,제주,128.15,769.0,61111.0
20260429,23,육지,124.46,753.0,60019.0
20260429,23,제주,128.15,753.0,60019.0
20260429,24,육지,124.45,729.0,57906.0
20260429,24,제주,124.45,729.0,57906.0
20260430,1,육지,119.0,695.0,54113.0
20260430,1,제주,119.0,695.0,54113.0
20260430,2,육지,114.29,661.0,52031.0
20260430,2,제주,114.29,661.0,52031.0
20260430,3,육지,99.36,632.0,51003.0
20260430,3,제주,99.36,632.0,51003.0
20260430,4,육지,99.36,614.0,50540.0
20260430,4,제주,99.36,614.0,50540.0
20260430,5,육지,99.5,622.0,51013.0
20260430,5,제주,99.5,622.0,51013.0
20260430,6,육지,114.28,640.0,52050.0
20260430,6,제주,114.28,640.0,52050.0
20260430,7,육지,120.06,660.0,53722.0
20260430,7,제주,120.06,660.0,53722.0
20260430,8,육지,120.06,621.0,55272.0
20260430,8,제주,120.06,621.0,55272.0
20260430,9,육지,120.06,642.0,55359.0
20260430,9,제주,120.06,642.0,55359.0
20260430,10,육지,121.33,657.0,53932.0
20260430,10,제주,121.33,657.0,53932.0
20260430,11,육지,121.05,662.0,52175.0
20260430,11,제주,121.05,662.0,52175.0
20260430,12,육지,124.72,638.0,49837.0
20260430,12,제주,124.72,638.0,49837.0
20260430,13,육지,120.06,631.0,48231.0
20260430,13,제주,120.06,631.0,48231.0
20260430,14,육지,124.19,653.0,52612.0
20260430,14,제주,124.19,653.0,52612.0
20260430,15,육지,131.18,650.0,55994.0
20260430,15,제주,131.18,650.0,55994.0
20260430,16,육지,130.29,651.0,58414.0
20260430,16,제주,130.29,651.0,58414.0
20260430,17,육지,124.78,660.0,60738.0
20260430,17,제주,124.78,660.0,60738.0
20260430,18,육지,124.78,688.0,61401.0
20260430,18,제주,124.78,688.0,61401.0
20260430,19,육지,135.59,718.0,62420.0
20260430,19,제주,135.59,718.0,62420.0
20260430,20,육지,137.14,764.0,63081.0
20260430,20,제주,137.14,764.0,63081.0
20260430,21,육지,137.17,765.0,61447.0
20260430,21,제주,137.17,765.0,61447.0
20260430,22,육지,124.84,745.0,59543.0
20260430,22,제주,124.84,745.0,59543.0
20260430,23,육지,124.85,734.0,58497.0
20260430,23,제주,124.85,734.0,58497.0
20260430,24,육지,124.82,706.0,56506.0
20260430,24,제주,124.82,706.0,56506.0
20260501,1,육지,133.77,637.0,53113.0
20260501,1,제주,133.77,637.0,53113.0
20260501,2,육지,127.94,608.0,51219.0
20260501,2,제주,127.94,608.0,51219.0
20260501,3,육지,119.01,590.0,50275.0
20260501,3,제주,119.01,590.0,50275.0
20260501,4,육지,127.71,580.0,49805.0
20260501,4,제주,127.71,580.0,49805.0
20260501,5,육지,127.95,581.0,49996.0
20260501,5,제주,127.95,581.0,49996.0
20260501,6,육지,138.14,600.0,50552.0
20260501,6,제주,138.14,600.0,50552.0
20260501,7,육지,138.14,610.0,50502.0
20260501,7,제주,138.14,610.0,50502.0
20260501,8,육지,138.12,589.0,48464.0
20260501,8,제주,138.12,589.0,48464.0
20260501,9,육지,108.51,593.0,45181.0
20260501,9,제주,108.51,593.0,45181.0
20260501,10,육지,113.73,585.0,42214.0
20260501,10,제주,113.73,585.0,42214.0
20260501,11,육지,115.29,566.0,40464.0
20260501,11,제주,115.29,566.0,40464.0
20260501,12,육지,115.29,541.0,38201.0
20260501,12,제주,0.0,541.0,38201.0
20260501,13,육지,111.99,526.0,36269.0
20260501,13,제주,0.0,526.0,36269.0
20260501,14,육지,110.25,551.0,37713.0
20260501,14,제주,0.0,551.0,37713.0
20260501,15,육지,115.29,576.0,39883.0
20260501,15,제주,0.0,576.0,39883.0
20260501,16,육지,110.52,602.0,42771.0
20260501,16,제주,110.52,602.0,42771.0
20260501,17,육지,123.99,631.0,46859.0
20260501,17,제주,123.99,631.0,46859.0
20260501,18,육지,132.07,671.0,51153.0
20260501,18,제주,132.07,671.0,51153.0
20260501,19,육지,149.3,706.0,54823.0
20260501,19,제주,149.3,706.0,54823.0
20260501,20,육지,136.54,751.0,56648.0
20260501,20,제주,137.36,751.0,56648.0
20260501,21,육지,135.6,765.0,56254.0
20260501,21,제주,137.9,765.0,56254.0
20260501,22,육지,135.6,746.0,55119.0
20260501,22,제주,137.9,746.0,55119.0
20260501,23,육지,135.6,731.0,54654.0
20260501,23,제주,137.9,731.0,54654.0
20260501,24,육지,135.6,698.0,53148.0
20260501,24,제주,137.9,698.0,53148.0
20260502,1,육지,119.76,626.0,49759.0
20260502,1,제주,119.76,626.0,49759.0
20260502,2,육지,111.23,603.0,48147.0
20260502,2,제주,111.23,603.0,48147.0
20260502,3,육지,111.22,588.0,47200.0
20260502,3,제주,111.22,588.0,47200.0
20260502,4,육지,102.56,580.0,46824.0
20260502,4,제주,102.56,580.0,46824.0
20260502,5,육지,103.59,580.0,46920.0
20260502,5,제주,103.59,580.0,46920.0
20260502,6,육지,103.98,596.0,47576.0
20260502,6,제주,103.98,596.0,47576.0
20260502,7,육지,103.98,606.0,48509.0
20260502,7,제주,103.98,606.0,48509.0
20260502,8,육지,103.32,591.0,47964.0
20260502,8,제주,103.32,591.0,47964.0
20260502,9,육지,101.11,601.0,46273.0
20260502,9,제주,101.11,601.0,46273.0
20260502,10,육지,125.03,606.0,44291.0
20260502,10,제주,125.03,606.0,44291.0
20260502,11,육지,125.03,600.0,43029.0
20260502,11,제주,125.03,600.0,43029.0
20260502,12,육지,125.02,586.0,41438.0
20260502,12,제주,125.02,586.0,41438.0
20260502,13,육지,100.91,566.0,40484.0
20260502,13,제주,100.91,566.0,40484.0
20260502,14,육지,103.58,574.0,42034.0
20260502,14,제주,103.58,574.0,42034.0
20260502,15,육지,103.58,591.0,43434.0
20260502,15,제주,103.58,591.0,43434.0
20260502,16,육지,103.58,617.0,45636.0
20260502,16,제주,103.58,617.0,45636.0
20260502,17,육지,103.58,639.0,48635.0
20260502,17,제주,103.58,639.0,48635.0
20260502,18,육지,100.96,662.0,51148.0
20260502,18,제주,100.96,662.0,51148.0
20260502,19,육지,123.36,684.0,53329.0
20260502,19,제주,123.36,684.0,53329.0
20260502,20,육지,127.12,719.0,54760.0
20260502,20,제주,127.12,719.0,54760.0
20260502,21,육지,124.84,730.0,54558.0
20260502,21,제주,124.84,730.0,54558.0
20260502,22,육지,124.84,715.0,53420.0
20260502,22,제주,124.84,715.0,53420.0
20260502,23,육지,121.99,703.0,52951.0
20260502,23,제주,121.99,703.0,52951.0
20260502,24,육지,111.42,676.0,51632.0
20260502,24,제주,111.42,676.0,51632.0
20260503,1,육지,116.2,625.0,49343.0
20260503,1,제주,116.2,625.0,49343.0
20260503,2,육지,103.62,602.0,47516.0
20260503,2,제주,103.62,602.0,47516.0
20260503,3,육지,106.49,588.0,46191.0
20260503,3,제주,106.49,588.0,46191.0
20260503,4,육지,102.94,580.0,45541.0
20260503,4,제주,102.94,580.0,45541.0
20260503,5,육지,102.94,580.0,45448.0
20260503,5,제주,102.94,580.0,45448.0
20260503,6,육지,100.24,596.0,45946.0
20260503,6,제주,100.24,596.0,45946.0
20260503,7,육지,102.94,610.0,46487.0
20260503,7,제주,102.94,610.0,46487.0
20260503,8,육지,103.94,611.0,47339.0
20260503,8,제주,103.94,611.0,47339.0
20260503,9,육지,105.05,640.0,48688.0
20260503,9,제주,105.05,640.0,48688.0
20260503,10,육지,134.51,653.0,49768.0
20260503,10,제주,134.51,653.0,49768.0
20260503,11,육지,134.51,654.0,50269.0
20260503,11,제주,134.51,654.0,50269.0
20260503,12,육지,134.56,648.0,51040.0
20260503,12,제주,134.56,648.0,51040.0
20260503,13,육지,134.57,631.0,50017.0
20260503,13,제주,134.57,631.0,50017.0
20260503,14,육지,134.52,632.0,49752.0
20260503,14,제주,134.52,632.0,49752.0
20260503,15,육지,134.51,637.0,50370.0
20260503,15,제주,134.51,637.0,50370.0
20260503,16,육지,120.8,647.0,50793.0
20260503,16,제주,120.8,647.0,50793.0
20260503,17,육지,120.8,653.0,51615.0
20260503,17,제주,120.8,653.0,51615.0
20260503,18,육지,134.51,668.0,52648.0
20260503,18,제주,134.51,668.0,52648.0
20260503,19,육지,134.52,683.0,53628.0
20260503,19,제주,134.52,683.0,53628.0
20260503,20,육지,134.57,716.0,55004.0
20260503,20,제주,134.57,716.0,55004.0
20260503,21,육지,134.57,727.0,54963.0
20260503,21,제주,134.57,727.0,54963.0
20260503,22,육지,123.05,712.0,53810.0
20260503,22,제주,123.05,712.0,53810.0
20260503,23,육지,122.44,700.0,52411.0
20260503,23,제주,122.44,700.0,52411.0
20260503,24,육지,116.59,673.0,50641.0
20260503,24,제주,116.59,673.0,50641.0
20260504,1,육지,103.9,631.0,48137.0
20260504,1,제주,103.9,631.0,48137.0
20260504,2,육지,83.08,605.0,46265.0
20260504,2,제주,83.08,605.0,46265.0
20260504,3,육지,81.48,589.0,45291.0
20260504,3,제주,81.48,589.0,45291.0
20260504,4,육지,80.49,580.0,45307.0
20260504,4,제주,80.49,580.0,45307.0
20260504,5,육지,78.1,580.0,45507.0
20260504,5,제주,78.1,580.0,45507.0
20260504,6,육지,83.08,598.0,47252.0
20260504,6,제주,83.08,598.0,47252.0
20260504,7,육지,123.75,608.0,49766.0
20260504,7,제주,123.75,608.0,49766.0
20260504,8,육지,123.69,586.0,52686.0
20260504,8,제주,123.69,586.0,52686.0
20260504,9,육지,123.82,588.0,54511.0
20260504,9,제주,123.82,588.0,54511.0
20260504,10,육지,131.84,578.0,53370.0
20260504,10,제주,131.84,578.0,53370.0
20260504,11,육지,132.87,548.0,51841.0
20260504,11,제주,132.87,548.0,51841.0
20260504,12,육지,132.36,523.0,49120.0
20260504,12,제주,0.0,523.0,49120.0
20260504,13,육지,131.84,504.0,45976.0
20260504,13,제주,0.0,504.0,45976.0
20260504,14,육지,131.84,518.0,48373.0
20260504,14,제주,0.0,518.0,48373.0
20260504,15,육지,132.36,541.0,50067.0
20260504,15,제주,132.36,541.0,50067.0
20260504,16,육지,132.36,572.0,52986.0
20260504,16,제주,132.36,572.0,52986.0
20260504,17,육지,131.84,611.0,56678.0
20260504,17,제주,131.84,611.0,56678.0
20260504,18,육지,130.93,653.0,59330.0
20260504,18,제주,130.93,653.0,59330.0
20260504,19,육지,147.26,688.0,62771.0
20260504,19,제주,147.26,688.0,62771.0
20260504,20,육지,147.6,720.0,63478.0
20260504,20,제주,147.6,720.0,63478.0
20260504,21,육지,147.5,732.0,62048.0
20260504,21,제주,147.5,732.0,62048.0
20260504,22,육지,131.94,715.0,60357.0
20260504,22,제주,131.94,715.0,60357.0
20260504,23,육지,131.94,720.0,59005.0
20260504,23,제주,131.94,720.0,59005.0
20260504,24,육지,131.94,690.0,56816.0
20260504,24,제주,131.94,690.0,56816.0
20260505,1,육지,101.71,694.0,47960.0
20260505,1,제주,101.71,694.0,47960.0
20260505,2,육지,102.0,674.0,46153.0
20260505,2,제주,102.0,674.0,46153.0
20260505,3,육지,96.74,662.0,45107.0
20260505,3,제주,96.74,662.0,45107.0
20260505,4,육지,103.47,690.0,44406.0
20260505,4,제주,103.47,690.0,44406.0
20260505,5,육지,103.47,694.0,44787.0
20260505,5,제주,103.47,694.0,44787.0
20260505,6,육지,134.09,704.0,45253.0
20260505,6,제주,143.37,704.0,45253.0
20260505,7,육지,102.71,666.0,45136.0
20260505,7,제주,102.71,666.0,45136.0
20260505,8,육지,100.81,623.0,43011.0
20260505,8,제주,100.81,623.0,43011.0
20260505,9,육지,79.2,566.0,40176.0
20260505,9,제주,79.2,566.0,40176.0
20260505,10,육지,100.66,542.0,37524.0
20260505,10,제주,100.66,542.0,37524.0
20260505,11,육지,101.35,518.0,35883.0
20260505,11,제주,101.35,518.0,35883.0
20260505,12,육지,101.43,499.0,34196.0
20260505,12,제주,0.0,499.0,34196.0
20260505,13,육지,74.42,488.0,33128.0
20260505,13,제주,0.0,488.0,33128.0
20260505,14,육지,74.42,494.0,34106.0
20260505,14,제주,0.0,494.0,34106.0
20260505,15,육지,100.61,512.0,36172.0
20260505,15,제주,100.61,512.0,36172.0
20260505,16,육지,82.09,542.0,38758.0
20260505,16,제주,82.09,542.0,38758.0
20260505,17,육지,100.61,590.0,43108.0
20260505,17,제주,100.61,590.0,43108.0
20260505,18,육지,105.46,644.0,48544.0
20260505,18,제주,105.46,644.0,48544.0
20260505,19,육지,129.94,690.0,53374.0
20260505,19,제주,129.94,690.0,53374.0
20260505,20,육지,143.78,737.0,55503.0
20260505,20,제주,143.78,737.0,55503.0
20260505,21,육지,143.79,751.0,55403.0
20260505,21,제주,143.79,751.0,55403.0
20260505,22,육지,129.94,745.0,54159.0
20260505,22,제주,129.94,745.0,54159.0
20260505,23,육지,143.68,733.0,53113.0
20260505,23,제주,143.68,733.0,53113.0
20260505,24,육지,129.94,721.0,51683.0
20260505,24,제주,129.94,721.0,51683.0
20260506,1,육지,120.29,650.0,49254.0
20260506,1,제주,120.29,650.0,49254.0
20260506,2,육지,120.29,617.0,47556.0
20260506,2,제주,120.29,617.0,47556.0
20260506,3,육지,102.27,594.0,46618.0
20260506,3,제주,102.27,594.0,46618.0
20260506,4,육지,102.27,578.0,46057.0
20260506,4,제주,102.27,578.0,46057.0
20260506,5,육지,120.29,582.0,46533.0
20260506,5,제주,120.29,582.0,46533.0
20260506,6,육지,120.29,599.0,47765.0
20260506,6,제주,120.29,599.0,47765.0
20260506,7,육지,133.86,617.0,50122.0
20260506,7,제주,133.86,617.0,50122.0
20260506,8,육지,134.23,633.0,51512.0
20260506,8,제주,134.23,633.0,51512.0
20260506,9,육지,123.23,608.0,51622.0
20260506,9,제주,123.23,608.0,51622.0
20260506,10,육지,121.61,601.0,50093.0
20260506,10,제주,121.61,601.0,50093.0
20260506,11,육지,133.94,584.0,48046.0
20260506,11,제주,133.94,584.0,48046.0
20260506,12,육지,133.94,559.0,45496.0
20260506,12,제주,133.94,559.0,45496.0
20260506,13,육지,122.95,540.0,43474.0
20260506,13,제주,122.95,540.0,43474.0
20260506,14,육지,133.94,560.0,46657.0
20260506,14,제주,133.94,560.0,46657.0
20260506,15,육지,134.19,570.0,49133.0
20260506,15,제주,134.19,570.0,49133.0
20260506,16,육지,134.19,592.0,51743.0
20260506,16,제주,134.19,592.0,51743.0
20260506,17,육지,133.94,643.0,55816.0
20260506,17,제주,133.94,643.0,55816.0
20260506,18,육지,123.23,694.0,58847.0
20260506,18,제주,123.23,694.0,58847.0
20260506,19,육지,119.81,739.0,61628.0
20260506,19,제주,119.81,739.0,61628.0
20260506,20,육지,125.84,760.0,62311.0
20260506,20,제주,125.84,760.0,62311.0
20260506,21,육지,125.84,759.0,61260.0
20260506,21,제주,125.84,759.0,61260.0
20260506,22,육지,125.84,745.0,59351.0
20260506,22,제주,125.84,745.0,59351.0
20260506,23,육지,125.74,725.0,58313.0
20260506,23,제주,125.74,725.0,58313.0
20260506,24,육지,120.46,701.0,56222.0
20260506,24,제주,120.46,701.0,56222.0
20260507,1,육지,121.76,654.0,54525.0
20260507,1,제주,121.76,654.0,54525.0
20260507,2,육지,115.15,622.0,52316.0
20260507,2,제주,115.15,622.0,52316.0
20260507,3,육지,110.35,602.0,51372.0
20260507,3,제주,110.35,602.0,51372.0
20260507,4,육지,108.62,591.0,50864.0
20260507,4,제주,108.62,591.0,50864.0
20260507,5,육지,108.62,583.0,51242.0
20260507,5,제주,108.62,583.0,51242.0
20260507,6,육지,110.35,595.0,52370.0
20260507,6,제주,110.35,595.0,52370.0
20260507,7,육지,134.69,587.0,53920.0
20260507,7,제주,134.69,587.0,53920.0
20260507,8,육지,134.7,577.0,55109.0
20260507,8,제주,134.7,577.0,55109.0
20260507,9,육지,130.79,545.0,56580.0
20260507,9,제주,130.79,545.0,56580.0
20260507,10,육지,131.59,529.0,56678.0
20260507,10,제주,131.59,529.0,56678.0
20260507,11,육지,131.47,510.0,56456.0
20260507,11,제주,131.47,510.0,56456.0
20260507,12,육지,134.78,488.0,54773.0
20260507,12,제주,134.78,488.0,54773.0
20260507,13,육지,130.79,476.0,52351.0
20260507,13,제주,130.79,476.0,52351.0
20260507,14,육지,134.77,499.0,55314.0
20260507,14,제주,134.77,499.0,55314.0
20260507,15,육지,131.07,516.0,58080.0
20260507,15,제주,131.07,516.0,58080.0
20260507,16,육지,132.11,544.0,60110.0
20260507,16,제주,132.11,544.0,60110.0
20260507,17,육지,130.79,582.0,62943.0
20260507,17,제주,130.79,582.0,62943.0
20260507,18,육지,130.79,635.0,63521.0
20260507,18,제주,130.79,635.0,63521.0
20260507,19,육지,131.86,680.0,65436.0
20260507,19,제주,131.86,680.0,65436.0
20260507,20,육지,131.87,740.0,65719.0
20260507,20,제주,131.87,740.0,65719.0
20260507,21,육지,131.89,759.0,64020.0
20260507,21,제주,131.89,759.0,64020.0
20260507,22,육지,134.7,753.0,61830.0
20260507,22,제주,134.7,753.0,61830.0
20260507,23,육지,134.7,723.0,60895.0
20260507,23,제주,134.7,723.0,60895.0
20260507,24,육지,134.7,699.0,58469.0
20260507,24,제주,134.7,699.0,58469.0
20260508,1,육지,130.91,653.0,53924.0
20260508,1,제주,130.91,653.0,53924.0
20260508,2,육지,100.07,621.0,51802.0
20260508,2,제주,100.07,621.0,51802.0
20260508,3,육지,100.38,601.0,50756.0
20260508,3,제주,100.38,601.0,50756.0
20260508,4,육지,100.87,589.0,50272.0
20260508,4,제주,100.87,589.0,50272.0
20260508,5,육지,100.87,587.0,50457.0
20260508,5,제주,100.87,587.0,50457.0
20260508,6,육지,129.66,599.0,51434.0
20260508,6,제주,129.66,599.0,51434.0
20260508,7,육지,139.78,591.0,53197.0
20260508,7,제주,139.78,591.0,53197.0
20260508,8,육지,134.77,563.0,53955.0
20260508,8,제주,134.77,563.0,53955.0
20260508,9,육지,134.72,557.0,53577.0
20260508,9,제주,134.72,557.0,53577.0
20260508,10,육지,139.78,542.0,51984.0
20260508,10,제주,111.46,542.0,51984.0
20260508,11,육지,139.78,506.0,50359.0
20260508,11,제주,98.72,506.0,50359.0
20260508,12,육지,139.78,487.0,47960.0
20260508,12,제주,0.0,487.0,47960.0
20260508,13,육지,129.66,471.0,45248.0
20260508,13,제주,0.0,471.0,45248.0
20260508,14,육지,139.78,481.0,48035.0
20260508,14,제주,0.0,481.0,48035.0
20260508,15,육지,144.84,495.0,50181.0
20260508,15,제주,0.0,495.0,50181.0
20260508,16,육지,139.78,519.0,52272.0
20260508,16,제주,139.78,519.0,52272.0
20260508,17,육지,129.92,569.0,55682.0
20260508,17,제주,129.92,569.0,55682.0
20260508,18,육지,129.92,625.0,58428.0
20260508,18,제주,129.92,625.0,58428.0
20260508,19,육지,139.78,666.0,61468.0
20260508,19,제주,154.97,666.0,61468.0
20260508,20,육지,139.78,716.0,63096.0
20260508,20,제주,154.97,716.0,63096.0
20260508,21,육지,132.04,734.0,61816.0
20260508,21,제주,132.04,734.0,61816.0
20260508,22,육지,132.05,726.0,59694.0
20260508,22,제주,132.05,726.0,59694.0
20260508,23,육지,132.05,712.0,58939.0
20260508,23,제주,132.05,712.0,58939.0
20260508,24,육지,132.06,688.0,57170.0
20260508,24,제주,132.06,688.0,57170.0
20260509,1,육지,137.36,650.0,53882.0
20260509,1,제주,137.36,650.0,53882.0
20260509,2,육지,121.4,616.0,51820.0
20260509,2,제주,121.4,616.0,51820.0
20260509,3,육지,110.82,597.0,50397.0
20260509,3,제주,110.82,597.0,50397.0
20260509,4,육지,111.29,586.0,49620.0
20260509,4,제주,111.29,586.0,49620.0
20260509,5,육지,121.4,583.0,49924.0
20260509,5,제주,121.4,583.0,49924.0
20260509,6,육지,121.4,592.0,50398.0
20260509,6,제주,121.4,592.0,50398.0
20260509,7,육지,142.16,585.0,49996.0
20260509,7,제주,149.07,585.0,49996.0
20260509,8,육지,110.82,563.0,47136.0
20260509,8,제주,110.82,563.0,47136.0
20260509,9,육지,100.09,536.0,44004.0
20260509,9,제주,100.09,536.0,44004.0
20260509,10,육지,100.19,527.0,41404.0
20260509,10,제주,100.19,527.0,41404.0
20260509,11,육지,100.17,509.0,39482.0
20260509,11,제주,100.17,509.0,39482.0
20260509,12,육지,100.15,497.0,37957.0
20260509,12,제주,0.0,497.0,37957.0
20260509,13,육지,100.14,491.0,36845.0
20260509,13,제주,0.0,491.0,36845.0
20260509,14,육지,127.63,499.0,38208.0
20260509,14,제주,0.0,499.0,38208.0
20260509,15,육지,100.14,513.0,39341.0
20260509,15,제주,98.51,513.0,39341.0
20260509,16,육지,99.39,542.0,41432.0
20260509,16,제주,99.39,542.0,41432.0
20260509,17,육지,98.97,573.0,44611.0
20260509,17,제주,98.97,573.0,44611.0
20260509,18,육지,115.7,637.0,49376.0
20260509,18,제주,115.7,637.0,49376.0
20260509,19,육지,119.8,681.0,53404.0
20260509,19,제주,119.8,681.0,53404.0
20260509,20,육지,138.02,717.0,56076.0
20260509,20,제주,148.79,717.0,56076.0
20260509,21,육지,137.97,726.0,56008.0
20260509,21,제주,148.79,726.0,56008.0
20260509,22,육지,138.03,714.0,54722.0
20260509,22,제주,148.79,714.0,54722.0
20260509,23,육지,138.04,692.0,54255.0
20260509,23,제주,148.79,692.0,54255.0
20260509,24,육지,134.02,666.0,52730.0
20260509,24,제주,134.02,666.0,52730.0
20260510,1,육지,115.83,646.0,49558.0
20260510,1,제주,115.83,646.0,49558.0
20260510,2,육지,104.34,617.0,47464.0
20260510,2,제주,104.34,617.0,47464.0
20260510,3,육지,104.59,597.0,46517.0
20260510,3,제주,104.59,597.0,46517.0
20260510,4,육지,103.11,579.0,45693.0
20260510,4,제주,103.11,579.0,45693.0
20260510,5,육지,104.59,587.0,45707.0
20260510,5,제주,104.59,587.0,45707.0
20260510,6,육지,132.14,592.0,46011.0
20260510,6,제주,132.14,592.0,46011.0
20260510,7,육지,132.14,594.0,45720.0
20260510,7,제주,132.14,594.0,45720.0
20260510,8,육지,113.47,565.0,43202.0
20260510,8,제주,113.47,565.0,43202.0
20260510,9,육지,98.79,550.0,39586.0
20260510,9,제주,98.79,550.0,39586.0
20260510,10,육지,100.12,526.0,36697.0
20260510,10,제주,100.12,526.0,36697.0
20260510,11,육지,100.54,521.0,34881.0
20260510,11,제주,100.54,521.0,34881.0
20260510,12,육지,100.57,504.0,34102.0
20260510,12,제주,0.0,504.0,34102.0
20260510,13,육지,100.56,490.0,33387.0
20260510,13,제주,0.0,490.0,33387.0
20260510,14,육지,100.56,509.0,34445.0
20260510,14,제주,0.0,509.0,34445.0
20260510,15,육지,100.49,530.0,36720.0
20260510,15,제주,0.0,530.0,36720.0
20260510,16,육지,100.7,553.0,40110.0
20260510,16,제주,100.7,553.0,40110.0
20260510,17,육지,100.27,587.0,43898.0
20260510,17,제주,100.27,587.0,43898.0
20260510,18,육지,103.94,644.0,48879.0
20260510,18,제주,103.94,644.0,48879.0
20260510,19,육지,103.96,691.0,52735.0
20260510,19,제주,103.96,691.0,52735.0
20260510,20,육지,113.55,715.0,55466.0
20260510,20,제주,144.4,715.0,55466.0
20260510,21,육지,113.55,727.0,55569.0
20260510,21,제주,145.35,727.0,55569.0
20260510,22,육지,113.53,715.0,54033.0
20260510,22,제주,145.35,715.0,54033.0
20260510,23,육지,113.52,689.0,52899.0
20260510,23,제주,145.35,689.0,52899.0
20260510,24,육지,104.45,666.0,51006.0
20260510,24,제주,104.45,666.0,51006.0
20260511,1,육지,105.33,635.0,48241.0
20260511,1,제주,105.33,635.0,48241.0
20260511,2,육지,79.38,613.0,46273.0
20260511,2,제주,79.38,613.0,46273.0
20260511,3,육지,78.49,595.0,45543.0
20260511,3,제주,78.49,595.0,45543.0
20260511,4,육지,77.49,588.0,45160.0
20260511,4,제주,77.49,588.0,45160.0
20260511,5,육지,77.49,588.0,45524.0
20260511,5,제주,77.49,588.0,45524.0
20260511,6,육지,79.45,602.0,47033.0
20260511,6,제주,79.45,602.0,47033.0
20260511,7,육지,126.09,604.0,49553.0
20260511,7,제주,126.09,604.0,49553.0
20260511,8,육지,101.06,566.0,52303.0
20260511,8,제주,101.06,566.0,52303.0
20260511,9,육지,119.01,561.0,53813.0
20260511,9,제주,119.01,561.0,53813.0
20260511,10,육지,134.01,571.0,54116.0
20260511,10,제주,134.01,571.0,54116.0
20260511,11,육지,134.88,563.0,52689.0
20260511,11,제주,134.88,563.0,52689.0
20260511,12,육지,134.26,544.0,51415.0
20260511,12,제주,134.26,544.0,51415.0
20260511,13,육지,134.01,544.0,49027.0
20260511,13,제주,0.0,544.0,49027.0
20260511,14,육지,134.01,570.0,52877.0
20260511,14,제주,0.0,570.0,52877.0
20260511,15,육지,134.01,590.0,54365.0
20260511,15,제주,0.0,590.0,54365.0
20260511,16,육지,134.01,611.0,57433.0
20260511,16,제주,134.01,611.0,57433.0
20260511,17,육지,129.9,649.0,60660.0
20260511,17,제주,129.9,649.0,60660.0
20260511,18,육지,129.9,665.0,61963.0
20260511,18,제주,129.9,665.0,61963.0
20260511,19,육지,134.01,691.0,64104.0
20260511,19,제주,134.01,691.0,64104.0
20260511,20,육지,134.71,702.0,64414.0
20260511,20,제주,134.71,702.0,64414.0
20260511,21,육지,134.88,729.0,63209.0
20260511,21,제주,134.88,729.0,63209.0
20260511,22,육지,136.36,722.0,60834.0
20260511,22,제주,136.36,722.0,60834.0
20260511,23,육지,136.36,685.0,59360.0
20260511,23,제주,136.36,685.0,59360.0
20260511,24,육지,115.63,663.0,57356.0
20260511,24,제주,115.63,663.0,57356.0
20260512,1,육지,102.15,630.0,53374.0
20260512,1,제주,102.15,630.0,53374.0
20260512,2,육지,100.22,611.0,51754.0
20260512,2,제주,100.22,611.0,51754.0
20260512,3,육지,100.22,595.0,50350.0
20260512,3,제주,100.22,595.0,50350.0
20260512,4,육지,100.22,589.0,50269.0
20260512,4,제주,100.22,589.0,50269.0
20260512,5,육지,100.78,588.0,49907.0
20260512,5,제주,100.78,588.0,49907.0
20260512,6,육지,100.78,601.0,51361.0
20260512,6,제주,100.78,601.0,51361.0
20260512,7,육지,100.75,602.0,54077.0
20260512,7,제주,100.75,602.0,54077.0
20260512,8,육지,125.62,572.0,57296.0
20260512,8,제주,125.62,572.0,57296.0
20260512,9,육지,132.04,587.0,60661.0
20260512,9,제주,132.04,587.0,60661.0
20260512,10,육지,132.27,622.0,61610.0
20260512,10,제주,132.27,622.0,61610.0
20260512,11,육지,132.25,625.0,61028.0
20260512,11,제주,132.25,625.0,61028.0
20260512,12,육지,131.18,605.0,59780.0
20260512,12,제주,131.18,605.0,59780.0
20260512,13,육지,116.65,573.0,57916.0
20260512,13,제주,116.65,573.0,57916.0
20260512,14,육지,133.38,561.0,61687.0
20260512,14,제주,133.38,561.0,61687.0
20260512,15,육지,136.15,595.0,63114.0
20260512,15,제주,136.15,595.0,63114.0
20260512,16,육지,136.15,622.0,63760.0
20260512,16,제주,136.15,622.0,63760.0
20260512,17,육지,136.15,637.0,64281.0
20260512,17,제주,136.15,637.0,64281.0
20260512,18,육지,136.15,648.0,64340.0
20260512,18,제주,136.15,648.0,64340.0
20260512,19,육지,136.15,666.0,64827.0
20260512,19,제주,136.15,666.0,64827.0
20260512,20,육지,136.15,711.0,65364.0
20260512,20,제주,142.05,711.0,65364.0
20260512,21,육지,132.3,737.0,63594.0
20260512,21,제주,140.36,737.0,63594.0
20260512,22,육지,137.7,731.0,61263.0
20260512,22,제주,142.05,731.0,61263.0
20260512,23,육지,137.7,719.0,59975.0
20260512,23,제주,142.05,719.0,59975.0
20260512,24,육지,132.11,698.0,58033.0
20260512,24,제주,139.52,698.0,58033.0
20260513,1,육지,130.91,617.0,54959.0
20260513,1,제주,130.91,617.0,54959.0
20260513,2,육지,97.16,593.0,52806.0
20260513,2,제주,97.16,593.0,52806.0
20260513,3,육지,94.66,570.0,51801.0
20260513,3,제주,94.66,570.0,51801.0
20260513,4,육지,97.86,560.0,51419.0
20260513,4,제주,97.86,560.0,51419.0
20260513,5,육지,97.86,562.0,51159.0
20260513,5,제주,97.86,562.0,51159.0
20260513,6,육지,99.44,574.0,52639.0
20260513,6,제주,99.44,574.0,52639.0
20260513,7,육지,140.7,573.0,54437.0
20260513,7,제주,143.4,573.0,54437.0
20260513,8,육지,140.7,553.0,56321.0
20260513,8,제주,143.13,553.0,56321.0
20260513,9,육지,104.88,553.0,57949.0
20260513,9,제주,104.88,553.0,57949.0
20260513,10,육지,125.72,556.0,55994.0
20260513,10,제주,125.72,556.0,55994.0
20260513,11,육지,139.56,545.0,53732.0
20260513,11,제주,139.56,545.0,53732.0
20260513,12,육지,124.71,525.0,50523.0
20260513,12,제주,124.71,525.0,50523.0
20260513,13,육지,104.88,518.0,47964.0
20260513,13,제주,104.88,518.0,47964.0
20260513,14,육지,127.02,544.0,51034.0
20260513,14,제주,127.02,544.0,51034.0
20260513,15,육지,139.56,563.0,53215.0
20260513,15,제주,139.56,563.0,53215.0
20260513,16,육지,127.02,581.0,55498.0
20260513,16,제주,127.02,581.0,55498.0
20260513,17,육지,127.02,618.0,59166.0
20260513,17,제주,127.02,618.0,59166.0
20260513,18,육지,104.88,665.0,61513.0
20260513,18,제주,104.88,665.0,61513.0
20260513,19,육지,139.56,699.0,64849.0
20260513,19,제주,141.77,699.0,64849.0
20260513,20,육지,146.32,735.0,65923.0
20260513,20,제주,146.32,735.0,65923.0
20260513,21,육지,146.32,748.0,64121.0
20260513,21,제주,146.32,748.0,64121.0
20260513,22,육지,132.79,732.0,62064.0
20260513,22,제주,140.14,732.0,62064.0
20260513,23,육지,140.7,709.0,60911.0
20260513,23,제주,141.77,709.0,60911.0
20260513,24,육지,140.7,681.0,58484.0
20260513,24,제주,141.77,681.0,58484.0
20260514,1,육지,131.87,613.0,53871.0
20260514,1,제주,139.81,613.0,53871.0
20260514,2,육지,99.71,590.0,52011.0
20260514,2,제주,99.71,590.0,52011.0
20260514,3,육지,99.71,569.0,51038.0
20260514,3,제주,99.71,569.0,51038.0
20260514,4,육지,99.72,560.0,50582.0
20260514,4,제주,99.72,560.0,50582.0
20260514,5,육지,99.72,562.0,50586.0
20260514,5,제주,99.72,562.0,50586.0
20260514,6,육지,100.06,573.0,51389.0
20260514,6,제주,100.06,573.0,51389.0
20260514,7,육지,115.53,571.0,53328.0
20260514,7,제주,115.53,571.0,53328.0
20260514,8,육지,115.35,549.0,54284.0
20260514,8,제주,115.35,549.0,54284.0
20260514,9,육지,130.2,546.0,55160.0
20260514,9,제주,130.2,546.0,55160.0
20260514,10,육지,132.76,547.0,54658.0
20260514,10,제주,132.76,547.0,54658.0
20260514,11,육지,133.08,538.0,53410.0
20260514,11,제주,133.08,538.0,53410.0
20260514,12,육지,132.89,525.0,51796.0
20260514,12,제주,132.89,525.0,51796.0
20260514,13,육지,132.76,516.0,50001.0
20260514,13,제주,108.71,516.0,50001.0
20260514,14,육지,132.7,530.0,53728.0
20260514,14,제주,108.57,530.0,53728.0
20260514,15,육지,132.58,546.0,56430.0
20260514,15,제주,109.27,546.0,56430.0
20260514,16,육지,132.58,568.0,59855.0
20260514,16,제주,132.58,568.0,59855.0
20260514,17,육지,132.58,604.0,61860.0
20260514,17,제주,132.58,604.0,61860.0
20260514,18,육지,132.58,652.0,64135.0
20260514,18,제주,132.58,652.0,64135.0
20260514,19,육지,149.34,687.0,65349.0
20260514,19,제주,149.34,687.0,65349.0
20260514,20,육지,132.85,722.0,65583.0
20260514,20,제주,140.75,722.0,65583.0
20260514,21,육지,132.86,733.0,64671.0
20260514,21,제주,140.75,733.0,64671.0
20260514,22,육지,138.18,718.0,61866.0
20260514,22,제주,142.44,718.0,61866.0
20260514,23,육지,132.88,697.0,60217.0
20260514,23,제주,140.75,697.0,60217.0
20260514,24,육지,132.82,671.0,57910.0
20260514,24,제주,132.82,671.0,57910.0
20260515,1,육지,130.39,615.0,54461.0
20260515,1,제주,130.39,615.0,54461.0
20260515,2,육지,99.28,591.0,52421.0
20260515,2,제주,99.28,591.0,52421.0
20260515,3,육지,99.77,569.0,51379.0
20260515,3,제주,99.77,569.0,51379.0
20260515,4,육지,100.5,560.0,50634.0
20260515,4,제주,100.5,560.0,50634.0
20260515,5,육지,100.5,562.0,50663.0
20260515,5,제주,100.5,562.0,50663.0
20260515,6,육지,103.71,573.0,51580.0
20260515,6,제주,103.71,573.0,51580.0
20260515,7,육지,105.18,572.0,53278.0
20260515,7,제주,105.18,572.0,53278.0
20260515,8,육지,98.34,552.0,54393.0
20260515,8,제주,98.34,552.0,54393.0
20260515,9,육지,132.15,551.0,54631.0
20260515,9,제주,132.15,551.0,54631.0
20260515,10,육지,132.71,553.0,54180.0
20260515,10,제주,132.71,553.0,54180.0
20260515,11,육지,132.48,542.0,53381.0
20260515,11,제주,132.48,542.0,53381.0
20260515,12,육지,132.4,526.0,52337.0
20260515,12,제주,132.4,526.0,52337.0
20260515,13,육지,132.17,513.0,50181.0
20260515,13,제주,0.0,513.0,50181.0
20260515,14,육지,135.42,529.0,53682.0
20260515,14,제주,0.0,529.0,53682.0
20260515,15,육지,135.44,546.0,55718.0
20260515,15,제주,103.24,546.0,55718.0
20260515,16,육지,135.1,569.0,58235.0
20260515,16,제주,135.1,569.0,58235.0
20260515,17,육지,143.05,609.0,61893.0
20260515,17,제주,143.05,609.0,61893.0
20260515,18,육지,142.93,656.0,63451.0
20260515,18,제주,142.93,656.0,63451.0
20260515,19,육지,142.87,692.0,64823.0
20260515,19,제주,142.87,692.0,64823.0
20260515,20,육지,143.11,728.0,65568.0
20260515,20,제주,143.11,728.0,65568.0
20260515,21,육지,133.27,740.0,64276.0
20260515,21,제주,133.27,740.0,64276.0
20260515,22,육지,133.29,724.0,61919.0
20260515,22,제주,133.29,724.0,61919.0
20260515,23,육지,134.16,703.0,59773.0
20260515,23,제주,134.16,703.0,59773.0
20260515,24,육지,134.16,676.0,57860.0
20260515,24,제주,134.16,676.0,57860.0
20260516,1,육지,133.81,624.0,55005.0
20260516,1,제주,136.01,624.0,55005.0
20260516,2,육지,133.81,597.0,53015.0
20260516,2,제주,136.19,597.0,53015.0
20260516,3,육지,133.51,577.0,52065.0
20260516,3,제주,135.58,577.0,52065.0
20260516,4,육지,111.05,569.0,50670.0
20260516,4,제주,111.05,569.0,50670.0
20260516,5,육지,111.05,569.0,50508.0
20260516,5,제주,111.05,569.0,50508.0
20260516,6,육지,122.14,576.0,50545.0
20260516,6,제주,134.24,576.0,50545.0
20260516,7,육지,111.07,558.0,49586.0
20260516,7,제주,111.07,558.0,49586.0
20260516,8,육지,111.05,589.0,47626.0
20260516,8,제주,111.05,589.0,47626.0
20260516,9,육지,95.9,569.0,44788.0
20260516,9,제주,95.9,569.0,44788.0
20260516,10,육지,96.82,559.0,43278.0
20260516,10,제주,96.82,559.0,43278.0
20260516,11,육지,96.81,558.0,42940.0
20260516,11,제주,96.81,558.0,42940.0
20260516,12,육지,116.89,542.0,41662.0
20260516,12,제주,116.89,542.0,41662.0
20260516,13,육지,138.0,538.0,41262.0
20260516,13,제주,104.53,538.0,41262.0
20260516,14,육지,116.69,538.0,42693.0
20260516,14,제주,116.69,538.0,42693.0
20260516,15,육지,116.69,549.0,44075.0
20260516,15,제주,116.69,549.0,44075.0
20260516,16,육지,122.85,575.0,46112.0
20260516,16,제주,122.85,575.0,46112.0
20260516,17,육지,137.92,608.0,49231.0
20260516,17,제주,137.92,608.0,49231.0
20260516,18,육지,129.12,670.0,53156.0
20260516,18,제주,136.83,670.0,53156.0
20260516,19,육지,137.92,712.0,57284.0
20260516,19,제주,139.84,712.0,57284.0
20260516,20,육지,149.55,714.0,59217.0
20260516,20,제주,149.55,714.0,59217.0
20260516,21,육지,158.22,734.0,59170.0
20260516,21,제주,178.79,734.0,59170.0
20260516,22,육지,131.03,726.0,57301.0
20260516,22,제주,137.4,726.0,57301.0
20260516,23,육지,137.93,689.0,56342.0
20260516,23,제주,139.84,689.0,56342.0
20260516,24,육지,137.93,665.0,53813.0
20260516,24,제주,139.84,665.0,53813.0
20260517,1,육지,116.83,622.0,50033.0
20260517,1,제주,141.05,622.0,50033.0
20260517,2,육지,102.14,596.0,47996.0
20260517,2,제주,102.14,596.0,47996.0
20260517,3,육지,102.9,577.0,46596.0
20260517,3,제주,102.9,577.0,46596.0
20260517,4,육지,102.9,564.0,45827.0
20260517,4,제주,102.9,564.0,45827.0
20260517,5,육지,103.9,571.0,45803.0
20260517,5,제주,103.9,571.0,45803.0
20260517,6,육지,134.5,577.0,46500.0
20260517,6,제주,142.9,577.0,46500.0
20260517,7,육지,105.56,562.0,45771.0
20260517,7,제주,105.56,562.0,45771.0
20260517,8,육지,90.55,598.0,43132.0
20260517,8,제주,90.55,598.0,43132.0
20260517,9,육지,80.21,584.0,39960.0
20260517,9,제주,80.21,584.0,39960.0
20260517,10,육지,80.21,570.0,37682.0
20260517,10,제주,80.21,570.0,37682.0
20260517,11,육지,91.34,565.0,36334.0
20260517,11,제주,91.34,565.0,36334.0
20260517,12,육지,91.59,546.0,36599.0
20260517,12,제주,91.59,546.0,36599.0
20260517,13,육지,91.59,536.0,37091.0
20260517,13,제주,91.59,536.0,37091.0
20260517,14,육지,134.68,541.0,38700.0
20260517,14,제주,105.35,541.0,38700.0
20260517,15,육지,134.69,563.0,39512.0
20260517,15,제주,108.02,563.0,39512.0
20260517,16,육지,134.7,589.0,43341.0
20260517,16,제주,134.7,589.0,43341.0
20260517,17,육지,134.66,619.0,47714.0
20260517,17,제주,134.66,619.0,47714.0
20260517,18,육지,120.49,676.0,51933.0
20260517,18,제주,120.49,676.0,51933.0
20260517,19,육지,142.13,718.0,55943.0
20260517,19,제주,142.13,718.0,55943.0
20260517,20,육지,142.34,721.0,58589.0
20260517,20,제주,142.34,721.0,58589.0
20260517,21,육지,142.11,734.0,58077.0
20260517,21,제주,142.11,734.0,58077.0
20260517,22,육지,135.21,720.0,56315.0
20260517,22,제주,141.92,720.0,56315.0
20260517,23,육지,119.04,691.0,54465.0
20260517,23,제주,139.47,691.0,54465.0
20260517,24,육지,114.07,665.0,52563.0
20260517,24,제주,139.47,665.0,52563.0
20260518,1,육지,103.84,614.0,49446.0
20260518,1,제주,103.84,614.0,49446.0
20260518,2,육지,106.01,591.0,47564.0
20260518,2,제주,106.01,591.0,47564.0
20260518,3,육지,80.76,570.0,46638.0
20260518,3,제주,80.76,570.0,46638.0
20260518,4,육지,80.34,561.0,46455.0
20260518,4,제주,80.34,561.0,46455.0
20260518,5,육지,80.34,563.0,46515.0
20260518,5,제주,80.34,563.0,46515.0
20260518,6,육지,82.04,575.0,48200.0
20260518,6,제주,82.04,575.0,48200.0
20260518,7,육지,96.06,576.0,50245.0
20260518,7,제주,96.06,576.0,50245.0
20260518,8,육지,134.17,561.0,53085.0
20260518,8,제주,134.17,561.0,53085.0
20260518,9,육지,124.6,567.0,55190.0
20260518,9,제주,124.6,567.0,55190.0
20260518,10,육지,124.6,580.0,55608.0
20260518,10,제주,124.6,580.0,55608.0
20260518,11,육지,124.94,600.0,54408.0
20260518,11,제주,124.94,600.0,54408.0
20260518,12,육지,127.79,576.0,53201.0
20260518,12,제주,127.79,576.0,53201.0
20260518,13,육지,127.87,548.0,51709.0
20260518,13,제주,127.87,548.0,51709.0
20260518,14,육지,133.86,542.0,55380.0
20260518,14,제주,133.86,542.0,55380.0
20260518,15,육지,133.86,566.0,57384.0
20260518,15,제주,133.86,566.0,57384.0
20260518,16,육지,133.86,592.0,59953.0
20260518,16,제주,133.86,592.0,59953.0
20260518,17,육지,131.6,640.0,63506.0
20260518,17,제주,131.6,640.0,63506.0
20260518,18,육지,131.58,679.0,65339.0
20260518,18,제주,131.58,679.0,65339.0
20260518,19,육지,131.65,710.0,67190.0
20260518,19,제주,138.44,710.0,67190.0
20260518,20,육지,133.23,722.0,67462.0
20260518,20,제주,140.07,722.0,67462.0
20260518,21,육지,133.23,734.0,65689.0
20260518,21,제주,140.07,734.0,65689.0
20260518,22,육지,133.23,719.0,63054.0
20260518,22,제주,140.07,719.0,63054.0
20260518,23,육지,134.17,689.0,61130.0
20260518,23,제주,141.16,689.0,61130.0
20260518,24,육지,133.17,663.0,58620.0
20260518,24,제주,139.91,663.0,58620.0
20260519,1,육지,107.19,622.0,54382.0
20260519,1,제주,107.19,622.0,54382.0
20260519,2,육지,96.58,592.0,52510.0
20260519,2,제주,96.58,592.0,52510.0
20260519,3,육지,81.58,573.0,51814.0
20260519,3,제주,81.58,573.0,51814.0
20260519,4,육지,80.34,559.0,50989.0
20260519,4,제주,80.34,559.0,50989.0
20260519,5,육지,80.34,556.0,50904.0
20260519,5,제주,80.34,556.0,50904.0
20260519,6,육지,96.37,564.0,51591.0
20260519,6,제주,96.37,564.0,51591.0
20260519,7,육지,99.55,569.0,53457.0
20260519,7,제주,99.55,569.0,53457.0
20260519,8,육지,134.27,570.0,55029.0
20260519,8,제주,134.27,570.0,55029.0
20260519,9,육지,120.92,574.0,56701.0
20260519,9,제주,120.92,574.0,56701.0
20260519,10,육지,125.43,568.0,57368.0
20260519,10,제주,125.43,568.0,57368.0
20260519,11,육지,125.41,554.0,56622.0
20260519,11,제주,125.41,554.0,56622.0
20260519,12,육지,135.62,529.0,56002.0
20260519,12,제주,135.62,529.0,56002.0
20260519,13,육지,132.72,515.0,53709.0
20260519,13,제주,132.72,515.0,53709.0
20260519,14,육지,135.61,532.0,58241.0
20260519,14,제주,135.61,532.0,58241.0
20260519,15,육지,135.61,546.0,61549.0
20260519,15,제주,135.61,546.0,61549.0
20260519,16,육지,135.42,586.0,62882.0
20260519,16,제주,135.42,586.0,62882.0
20260519,17,육지,135.42,638.0,66085.0
20260519,17,제주,135.42,638.0,66085.0
20260519,18,육지,132.9,690.0,66653.0
20260519,18,제주,132.9,690.0,66653.0
20260519,19,육지,134.18,711.0,68286.0
20260519,19,제주,137.17,711.0,68286.0
20260519,20,육지,134.19,731.0,67672.0
20260519,20,제주,137.17,731.0,67672.0
20260519,21,육지,134.21,737.0,66477.0
20260519,21,제주,137.17,737.0,66477.0
20260519,22,육지,134.21,718.0,63406.0
20260519,22,제주,137.17,718.0,63406.0
20260519,23,육지,134.26,699.0,61898.0
20260519,23,제주,134.26,699.0,61898.0
20260519,24,육지,123.11,667.0,58686.0
20260519,24,제주,134.79,667.0,58686.0
20260520,1,육지,131.23,622.0,55078.0
20260520,1,제주,131.23,622.0,55078.0
20260520,2,육지,100.16,592.0,53260.0
20260520,2,제주,100.16,592.0,53260.0
20260520,3,육지,100.16,573.0,51937.0
20260520,3,제주,100.16,573.0,51937.0
20260520,4,육지,100.17,559.0,51359.0
20260520,4,제주,100.17,559.0,51359.0
20260520,5,육지,100.17,555.0,51259.0
20260520,5,제주,100.17,555.0,51259.0
20260520,6,육지,100.17,564.0,52357.0
20260520,6,제주,100.17,564.0,52357.0
20260520,7,육지,103.89,577.0,55306.0
20260520,7,제주,103.89,577.0,55306.0
20260520,8,육지,126.12,602.0,59821.0
20260520,8,제주,126.12,602.0,59821.0
20260520,9,육지,134.05,641.0,64710.0
20260520,9,제주,134.05,641.0,64710.0
20260520,10,육지,137.74,657.0,68285.0
20260520,10,제주,137.74,657.0,68285.0
20260520,11,육지,137.68,669.0,68742.0
20260520,11,제주,137.68,669.0,68742.0
20260520,12,육지,137.68,665.0,67133.0
20260520,12,제주,137.68,665.0,67133.0
20260520,13,육지,134.07,667.0,65867.0
20260520,13,제주,134.07,667.0,65867.0
20260520,14,육지,137.7,674.0,68700.0
20260520,14,제주,137.7,674.0,68700.0
20260520,15,육지,137.73,672.0,70179.0
20260520,15,제주,137.73,672.0,70179.0
20260520,16,육지,137.65,691.0,68677.0
20260520,16,제주,137.65,691.0,68677.0
20260520,17,육지,137.74,710.0,68816.0
20260520,17,제주,137.74,710.0,68816.0
20260520,18,육지,137.74,725.0,68280.0
20260520,18,제주,137.74,725.0,68280.0
20260520,19,육지,137.77,733.0,67167.0
20260520,19,제주,137.77,733.0,67167.0
20260520,20,육지,137.77,738.0,67266.0
20260520,20,제주,137.77,738.0,67266.0
20260520,21,육지,132.85,744.0,64661.0
20260520,21,제주,135.92,744.0,64661.0
20260520,22,육지,132.6,725.0,63018.0
20260520,22,제주,135.4,725.0,63018.0
20260520,23,육지,136.1,698.0,60863.0
20260520,23,제주,136.1,698.0,60863.0
20260520,24,육지,124.74,667.0,58598.0
20260520,24,제주,124.74,667.0,58598.0
20260521,1,육지,131.23,617.0,54962.0
20260521,1,제주,131.23,617.0,54962.0
20260521,2,육지,100.29,586.0,53250.0
20260521,2,제주,100.29,586.0,53250.0
20260521,3,육지,100.29,564.0,52296.0
20260521,3,제주,100.29,564.0,52296.0
20260521,4,육지,100.29,546.0,51664.0
20260521,4,제주,100.29,546.0,51664.0
20260521,5,육지,100.24,542.0,51727.0
20260521,5,제주,100.24,542.0,51727.0
20260521,6,육지,100.29,549.0,52454.0
20260521,6,제주,100.29,549.0,52454.0
20260521,7,육지,100.28,559.0,54560.0
20260521,7,제주,100.28,559.0,54560.0
20260521,8,육지,125.16,579.0,57846.0
20260521,8,제주,125.16,579.0,57846.0
20260521,9,육지,129.18,603.0,62664.0
20260521,9,제주,129.18,603.0,62664.0
20260521,10,육지,133.33,617.0,64809.0
20260521,10,제주,133.33,617.0,64809.0
20260521,11,육지,135.71,625.0,65375.0
20260521,11,제주,135.71,625.0,65375.0
20260521,12,육지,135.75,600.0,64991.0
20260521,12,제주,135.75,600.0,64991.0
20260521,13,육지,135.72,582.0,63042.0
20260521,13,제주,135.72,582.0,63042.0
20260521,14,육지,135.77,588.0,65619.0
20260521,14,제주,135.77,588.0,65619.0
20260521,15,육지,135.71,607.0,66633.0
20260521,15,제주,135.71,607.0,66633.0
20260521,16,육지,135.71,626.0,65796.0
20260521,16,제주,135.71,626.0,65796.0
20260521,17,육지,135.71,660.0,65395.0
20260521,17,제주,135.71,660.0,65395.0
20260521,18,육지,135.71,696.0,64852.0
20260521,18,제주,135.71,696.0,64852.0
20260521,19,육지,135.71,712.0,65183.0
20260521,19,제주,139.02,712.0,65183.0
20260521,20,육지,135.71,749.0,65531.0
20260521,20,제주,139.02,749.0,65531.0
20260521,21,육지,135.71,747.0,64131.0
20260521,21,제주,139.02,747.0,64131.0
20260521,22,육지,135.71,719.0,61709.0
20260521,22,제주,139.02,719.0,61709.0
20260521,23,육지,135.72,691.0,60365.0
20260521,23,제주,139.02,691.0,60365.0
20260521,24,육지,135.71,659.0,58044.0
20260521,24,제주,139.02,659.0,58044.0
20260522,1,육지,133.22,614.0,54509.0
20260522,1,제주,139.83,614.0,54509.0
20260522,2,육지,100.17,581.0,52656.0
20260522,2,제주,100.17,581.0,52656.0
20260522,3,육지,99.01,557.0,51452.0
20260522,3,제주,99.01,557.0,51452.0
20260522,4,육지,99.01,540.0,51112.0
20260522,4,제주,99.01,540.0,51112.0
20260522,5,육지,99.01,536.0,51009.0
20260522,5,제주,99.01,536.0,51009.0
20260522,6,육지,100.91,543.0,52080.0
20260522,6,제주,100.91,543.0,52080.0
20260522,7,육지,100.17,565.0,53616.0
20260522,7,제주,100.17,565.0,53616.0
20260522,8,육지,115.6,604.0,54404.0
20260522,8,제주,115.6,604.0,54404.0
20260522,9,육지,128.68,650.0,54768.0
20260522,9,제주,137.63,650.0,54768.0
20260522,10,육지,133.19,691.0,53948.0
20260522,10,제주,139.26,691.0,53948.0
20260522,11,육지,133.07,702.0,52407.0
20260522,11,제주,139.26,702.0,52407.0
20260522,12,육지,132.88,696.0,49831.0
20260522,12,제주,138.53,696.0,49831.0
20260522,13,육지,132.8,679.0,47805.0
20260522,13,제주,138.53,679.0,47805.0
20260522,14,육지,132.69,693.0,51098.0
20260522,14,제주,138.53,693.0,51098.0
20260522,15,육지,132.69,689.0,53465.0
20260522,15,제주,138.53,689.0,53465.0
20260522,16,육지,132.51,689.0,55211.0
20260522,16,제주,138.53,689.0,55211.0
20260522,17,육지,132.51,702.0,58538.0
20260522,17,제주,138.53,702.0,58538.0
20260522,18,육지,128.67,725.0,60944.0
20260522,18,제주,137.06,725.0,60944.0
20260522,19,육지,132.51,737.0,63706.0
20260522,19,제주,138.44,737.0,63706.0
20260522,20,육지,134.26,765.0,64671.0
20260522,20,제주,140.07,765.0,64671.0
20260522,21,육지,134.26,755.0,63269.0
20260522,21,제주,140.07,755.0,63269.0
20260522,22,육지,134.24,727.0,61002.0
20260522,22,제주,140.07,727.0,61002.0
20260522,23,육지,134.27,698.0,59670.0
20260522,23,제주,140.07,698.0,59670.0
20260522,24,육지,134.12,664.0,57507.0
20260522,24,제주,140.07,664.0,57507.0
20260523,1,육지,103.15,608.0,53007.0
20260523,1,제주,103.15,608.0,53007.0
20260523,2,육지,103.91,585.0,51407.0
20260523,2,제주,103.91,585.0,51407.0
20260523,3,육지,100.44,568.0,49774.0
20260523,3,제주,100.44,568.0,49774.0
20260523,4,육지,96.16,558.0,48944.0
20260523,4,제주,96.16,558.0,48944.0
20260523,5,육지,96.29,559.0,49017.0
20260523,5,제주,96.29,559.0,49017.0
20260523,6,육지,100.59,569.0,49173.0
20260523,6,제주,100.59,569.0,49173.0
20260523,7,육지,104.29,570.0,49738.0
20260523,7,제주,104.29,570.0,49738.0
20260523,8,육지,104.11,570.0,48772.0
20260523,8,제주,104.11,570.0,48772.0
20260523,9,육지,104.62,590.0,46888.0
20260523,9,제주,104.62,590.0,46888.0
20260523,10,육지,130.09,609.0,45106.0
20260523,10,제주,130.09,609.0,45106.0
20260523,11,육지,129.96,603.0,43782.0
20260523,11,제주,129.96,603.0,43782.0
20260523,12,육지,130.01,587.0,41924.0
20260523,12,제주,130.01,587.0,41924.0
20260523,13,육지,129.55,583.0,40636.0
20260523,13,제주,129.55,583.0,40636.0
20260523,14,육지,130.08,596.0,42350.0
20260523,14,제주,130.08,596.0,42350.0
20260523,15,육지,129.52,618.0,42891.0
20260523,15,제주,129.52,618.0,42891.0
20260523,16,육지,127.34,638.0,44639.0
20260523,16,제주,127.34,638.0,44639.0
20260523,17,육지,117.97,661.0,47435.0
20260523,17,제주,117.97,661.0,47435.0
20260523,18,육지,112.75,685.0,51465.0
20260523,18,제주,112.75,685.0,51465.0
20260523,19,육지,114.49,699.0,54919.0
20260523,19,제주,144.81,699.0,54919.0
20260523,20,육지,114.49,717.0,55887.0
20260523,20,제주,145.0,717.0,55887.0
20260523,21,육지,114.49,721.0,55921.0
20260523,21,제주,145.19,721.0,55921.0
20260523,22,육지,103.95,704.0,54789.0
20260523,22,제주,103.95,704.0,54789.0
20260523,23,육지,102.08,682.0,54128.0
20260523,23,제주,102.08,682.0,54128.0
20260523,24,육지,102.41,655.0,52561.0
20260523,24,제주,102.41,655.0,52561.0
20260524,1,육지,107.17,607.0,50416.0
20260524,1,제주,107.17,607.0,50416.0
20260524,2,육지,101.34,585.0,48708.0
20260524,2,제주,101.34,585.0,48708.0
20260524,3,육지,93.3,568.0,47660.0
20260524,3,제주,93.3,568.0,47660.0
20260524,4,육지,93.3,558.0,46514.0
20260524,4,제주,93.3,558.0,46514.0
20260524,5,육지,101.34,559.0,46408.0
20260524,5,제주,101.34,559.0,46408.0
20260524,6,육지,101.34,569.0,46406.0
20260524,6,제주,101.34,569.0,46406.0
20260524,7,육지,104.17,568.0,46233.0
20260524,7,제주,104.17,568.0,46233.0
20260524,8,육지,102.58,564.0,44709.0
20260524,8,제주,102.58,564.0,44709.0
20260524,9,육지,102.65,577.0,41936.0
20260524,9,제주,102.65,577.0,41936.0
20260524,10,육지,102.63,577.0,39603.0
20260524,10,제주,102.63,577.0,39603.0
20260524,11,육지,102.59,559.0,37583.0
20260524,11,제주,102.59,559.0,37583.0
20260524,12,육지,102.56,537.0,36880.0
20260524,12,제주,102.56,537.0,36880.0
20260524,13,육지,102.56,532.0,36468.0
20260524,13,제주,102.56,532.0,36468.0
20260524,14,육지,102.56,547.0,38189.0
20260524,14,제주,102.56,547.0,38189.0
20260524,15,육지,102.54,573.0,40416.0
20260524,15,제주,102.54,573.0,40416.0
20260524,16,육지,102.56,599.0,43599.0
20260524,16,제주,102.56,599.0,43599.0
20260524,17,육지,102.56,634.0,48258.0
20260524,17,제주,102.56,634.0,48258.0
20260524,18,육지,150.59,672.0,52523.0
20260524,18,제주,150.59,672.0,52523.0
20260524,19,육지,114.53,694.0,56424.0
20260524,19,제주,140.51,694.0,56424.0
20260524,20,육지,150.52,714.0,58012.0
20260524,20,제주,150.52,714.0,58012.0
20260524,21,육지,144.52,718.0,57918.0
20260524,21,제주,144.52,718.0,57918.0
20260524,22,육지,124.1,701.0,56041.0
20260524,22,제주,140.51,701.0,56041.0
20260524,23,육지,114.52,679.0,54433.0
20260524,23,제주,140.51,679.0,54433.0
20260524,24,육지,114.52,653.0,52352.0
20260524,24,제주,140.51,653.0,52352.0
20260525,1,육지,116.5,615.0,49866.0
20260525,1,제주,134.72,615.0,49866.0
20260525,2,육지,105.57,589.0,48257.0
20260525,2,제주,105.57,589.0,48257.0
20260525,3,육지,97.4,570.0,47026.0
20260525,3,제주,97.4,570.0,47026.0
20260525,4,육지,97.15,559.0,46460.0
20260525,4,제주,97.15,559.0,46460.0
20260525,5,육지,97.28,559.0,46653.0
20260525,5,제주,97.28,559.0,46653.0
20260525,6,육지,97.31,571.0,47309.0
20260525,6,제주,97.31,571.0,47309.0
20260525,7,육지,103.38,572.0,48310.0
20260525,7,제주,103.38,572.0,48310.0
20260525,8,육지,97.48,575.0,48468.0
20260525,8,제주,97.48,575.0,48468.0
20260525,9,육지,98.08,601.0,48463.0
20260525,9,제주,98.08,601.0,48463.0
20260525,10,육지,101.65,618.0,47811.0
20260525,10,제주,101.65,618.0,47811.0
20260525,11,육지,105.93,665.0,47371.0
20260525,11,제주,105.93,665.0,47371.0
20260525,12,육지,120.82,650.0,46459.0
20260525,12,제주,120.82,650.0,46459.0
20260525,13,육지,120.65,642.0,45801.0
20260525,13,제주,120.65,642.0,45801.0
20260525,14,육지,120.65,630.0,48641.0
20260525,14,제주,120.65,630.0,48641.0
20260525,15,육지,120.65,653.0,51093.0
20260525,15,제주,120.65,653.0,51093.0
20260525,16,육지,120.65,689.0,53474.0
20260525,16,제주,120.65,689.0,53474.0
20260525,17,육지,131.15,700.0,56979.0
20260525,17,제주,131.15,700.0,56979.0
20260525,18,육지,131.3,717.0,58621.0
20260525,18,제주,138.09,717.0,58621.0
20260525,19,육지,133.09,726.0,61224.0
20260525,19,제주,140.29,726.0,61224.0
20260525,20,육지,141.75,738.0,62912.0
20260525,20,제주,141.75,738.0,62912.0
20260525,21,육지,141.75,741.0,62528.0
20260525,21,제주,141.75,741.0,62528.0
20260525,22,육지,135.01,722.0,60528.0
20260525,22,제주,141.1,722.0,60528.0
20260525,23,육지,135.01,689.0,58926.0
20260525,23,제주,141.1,689.0,58926.0
20260525,24,육지,133.06,660.0,56552.0
20260525,24,제주,133.06,660.0,56552.0
20260526,1,육지,108.6,619.0,52843.0
20260526,1,제주,108.6,619.0,52843.0
20260526,2,육지,96.78,591.0,50755.0
20260526,2,제주,96.78,591.0,50755.0
20260526,3,육지,96.78,570.0,49718.0
20260526,3,제주,96.78,570.0,49718.0
20260526,4,육지,96.78,558.0,49154.0
20260526,4,제주,96.78,558.0,49154.0
20260526,5,육지,96.76,559.0,49345.0
20260526,5,제주,96.76,559.0,49345.0
20260526,6,육지,96.78,571.0,50582.0
20260526,6,제주,96.78,571.0,50582.0
20260526,7,육지,100.54,579.0,53734.0
20260526,7,제주,100.54,579.0,53734.0
20260526,8,육지,123.92,598.0,58479.0
20260526,8,제주,123.92,598.0,58479.0
20260526,9,육지,124.4,643.0,63664.0
20260526,9,제주,124.4,643.0,63664.0
20260526,10,육지,124.4,682.0,66850.0
20260526,10,제주,124.4,682.0,66850.0
20260526,11,육지,137.42,697.0,68246.0
20260526,11,제주,137.42,697.0,68246.0
20260526,12,육지,137.67,695.0,67268.0
20260526,12,제주,137.67,695.0,67268.0
20260526,13,육지,137.36,698.0,65252.0
20260526,13,제주,137.36,698.0,65252.0
20260526,14,육지,137.46,705.0,68641.0
20260526,14,제주,137.46,705.0,68641.0
20260526,15,육지,137.36,712.0,70006.0
20260526,15,제주,137.36,712.0,70006.0
20260526,16,육지,137.36,714.0,70236.0
20260526,16,제주,137.36,714.0,70236.0
20260526,17,육지,137.36,723.0,70357.0
20260526,17,제주,137.36,723.0,70357.0
20260526,18,육지,137.35,735.0,69132.0
20260526,18,제주,137.35,735.0,69132.0
20260526,19,육지,136.94,737.0,68296.0
20260526,19,제주,136.94,737.0,68296.0
20260526,20,육지,137.4,753.0,67324.0
20260526,20,제주,137.4,753.0,67324.0
20260526,21,육지,136.63,757.0,65493.0
20260526,21,제주,136.76,757.0,65493.0
20260526,22,육지,132.98,736.0,63014.0
20260526,22,제주,136.76,736.0,63014.0
20260526,23,육지,129.87,709.0,61599.0
20260526,23,제주,134.38,709.0,61599.0
20260526,24,육지,125.41,677.0,59131.0
20260526,24,제주,125.41,677.0,59131.0
20260527,1,육지,131.32,611.0,56333.0
20260527,1,제주,131.32,611.0,56333.0
20260527,2,육지,100.09,577.0,54274.0
20260527,2,제주,100.09,577.0,54274.0
20260527,3,육지,100.09,555.0,52570.0
20260527,3,제주,100.09,555.0,52570.0
20260527,4,육지,100.1,541.0,52224.0
20260527,4,제주,100.1,541.0,52224.0
20260527,5,육지,100.83,538.0,52219.0
20260527,5,제주,100.83,538.0,52219.0
20260527,6,육지,100.83,548.0,52966.0
20260527,6,제주,100.83,548.0,52966.0
20260527,7,육지,104.86,575.0,55957.0
20260527,7,제주,104.86,575.0,55957.0
20260527,8,육지,129.19,608.0,59940.0
20260527,8,제주,129.19,608.0,59940.0
20260527,9,육지,133.58,634.0,64557.0
20260527,9,제주,133.58,634.0,64557.0
20260527,10,육지,133.58,644.0,67312.0
20260527,10,제주,133.58,644.0,67312.0
20260527,11,육지,133.58,646.0,68268.0
20260527,11,제주,134.67,646.0,68268.0
20260527,12,육지,133.58,645.0,67552.0
20260527,12,제주,134.1,645.0,67552.0
20260527,13,육지,129.07,632.0,65339.0
20260527,13,제주,129.07,632.0,65339.0
20260527,14,육지,133.58,638.0,68118.0
20260527,14,제주,133.94,638.0,68118.0
20260527,15,육지,133.58,648.0,68435.0
20260527,15,제주,134.1,648.0,68435.0
20260527,16,육지,133.58,655.0,68568.0
20260527,16,제주,133.58,655.0,68568.0
20260527,17,육지,133.58,673.0,68440.0
20260527,17,제주,133.58,673.0,68440.0
20260527,18,육지,133.58,704.0,67596.0
20260527,18,제주,133.58,704.0,67596.0
20260527,19,육지,133.59,721.0,67142.0
20260527,19,제주,133.59,721.0,67142.0
20260527,20,육지,133.54,736.0,66668.0
20260527,20,제주,133.54,736.0,66668.0
20260527,21,육지,129.18,730.0,65185.0
20260527,21,제주,129.18,730.0,65185.0
20260527,22,육지,124.51,707.0,62845.0
20260527,22,제주,124.51,707.0,62845.0
20260527,23,육지,133.42,689.0,61342.0
20260527,23,제주,133.42,689.0,61342.0
20260527,24,육지,133.42,657.0,58882.0
20260527,24,제주,134.67,657.0,58882.0
20260528,1,육지,107.19,611.0,55401.0
20260528,1,제주,107.19,611.0,55401.0
20260528,2,육지,100.44,577.0,53499.0
20260528,2,제주,100.44,577.0,53499.0
20260528,3,육지,98.1,555.0,52393.0
20260528,3,제주,98.1,555.0,52393.0
20260528,4,육지,98.1,541.0,51550.0
20260528,4,제주,98.1,541.0,51550.0
20260528,5,육지,98.8,538.0,51479.0
20260528,5,제주,98.8,538.0,51479.0
20260528,6,육지,98.8,547.0,52376.0
20260528,6,제주,98.8,547.0,52376.0
20260528,7,육지,98.8,572.0,54728.0
20260528,7,제주,98.8,572.0,54728.0
20260528,8,육지,116.33,605.0,58145.0
20260528,8,제주,116.33,605.0,58145.0
20260528,9,육지,127.67,638.0,63057.0
20260528,9,제주,127.67,638.0,63057.0
20260528,10,육지,138.06,655.0,64427.0
20260528,10,제주,138.06,655.0,64427.0
20260528,11,육지,138.04,692.0,64968.0
20260528,11,제주,138.04,692.0,64968.0
20260528,12,육지,120.19,673.0,62652.0
20260528,12,제주,120.19,673.0,62652.0
20260528,13,육지,109.87,659.0,58337.0
20260528,13,제주,109.87,659.0,58337.0
20260528,14,육지,115.07,673.0,60309.0
20260528,14,제주,115.07,673.0,60309.0
20260528,15,육지,116.46,683.0,62175.0
20260528,15,제주,116.46,683.0,62175.0
20260528,16,육지,116.36,688.0,62886.0
20260528,16,제주,116.36,688.0,62886.0
20260528,17,육지,127.67,708.0,64888.0
20260528,17,제주,127.67,708.0,64888.0
20260528,18,육지,127.67,738.0,66701.0
20260528,18,제주,127.67,738.0,66701.0
20260528,19,육지,143.15,758.0,67385.0
20260528,19,제주,143.15,758.0,67385.0
20260528,20,육지,140.18,764.0,68961.0
20260528,20,제주,140.18,764.0,68961.0
20260528,21,육지,132.14,758.0,66424.0
20260528,21,제주,132.14,758.0,66424.0
20260528,22,육지,127.96,734.0,63737.0
20260528,22,제주,127.96,734.0,63737.0
20260528,23,육지,138.41,693.0,62399.0
20260528,23,제주,138.41,693.0,62399.0
20260528,24,육지,138.4,661.0,59249.0
20260528,24,제주,138.4,661.0,59249.0
20260529,1,육지,136.67,612.0,56279.0
20260529,1,제주,136.67,612.0,56279.0
20260529,2,육지,100.22,576.0,54439.0
20260529,2,제주,100.22,576.0,54439.0
20260529,3,육지,100.96,555.0,53072.0
20260529,3,제주,100.96,555.0,53072.0
20260529,4,육지,100.96,540.0,52332.0
20260529,4,제주,100.96,540.0,52332.0
20260529,5,육지,125.27,536.0,52400.0
20260529,5,제주,125.27,536.0,52400.0
20260529,6,육지,125.35,543.0,53665.0
20260529,6,제주,125.35,543.0,53665.0
20260529,7,육지,100.22,571.0,54649.0
20260529,7,제주,100.22,571.0,54649.0
20260529,8,육지,127.67,600.0,55624.0
20260529,8,제주,127.67,600.0,55624.0
20260529,9,육지,128.01,618.0,57158.0
20260529,9,제주,128.01,618.0,57158.0
20260529,10,육지,125.54,624.0,57237.0
20260529,10,제주,125.54,624.0,57237.0
20260529,11,육지,130.03,636.0,56700.0
20260529,11,제주,130.03,636.0,56700.0
20260529,12,육지,130.03,621.0,54765.0
20260529,12,제주,130.03,621.0,54765.0
20260529,13,육지,130.01,603.0,52378.0
20260529,13,제주,130.01,603.0,52378.0
20260529,14,육지,130.03,625.0,55987.0
20260529,14,제주,130.03,625.0,55987.0
20260529,15,육지,130.02,637.0,58125.0
20260529,15,제주,130.02,637.0,58125.0
20260529,16,육지,127.99,651.0,59663.0
20260529,16,제주,127.99,651.0,59663.0
20260529,17,육지,127.96,688.0,62567.0
20260529,17,제주,127.96,688.0,62567.0
20260529,18,육지,125.56,729.0,64937.0
20260529,18,제주,125.56,729.0,64937.0
20260529,19,육지,146.62,754.0,68178.0
20260529,19,제주,146.62,754.0,68178.0
20260529,20,육지,146.66,767.0,68695.0
20260529,20,제주,146.66,767.0,68695.0
20260529,21,육지,134.7,761.0,67079.0
20260529,21,제주,136.29,761.0,67079.0
20260529,22,육지,134.7,734.0,64744.0
20260529,22,제주,136.29,734.0,64744.0
20260529,23,육지,134.7,700.0,62752.0
20260529,23,제주,136.29,700.0,62752.0
20260529,24,육지,129.96,665.0,60067.0
20260529,24,제주,129.96,665.0,60067.0
20260530,1,육지,113.18,599.0,55416.0
20260530,1,제주,113.18,599.0,55416.0
20260530,2,육지,113.15,572.0,53266.0
20260530,2,제주,113.15,572.0,53266.0
20260530,3,육지,105.7,555.0,52183.0
20260530,3,제주,105.7,555.0,52183.0
20260530,4,육지,103.27,544.0,50962.0
20260530,4,제주,103.27,544.0,50962.0
20260530,5,육지,113.15,539.0,50763.0
20260530,5,제주,113.15,539.0,50763.0
20260530,6,육지,113.16,545.0,50525.0
20260530,6,제주,113.16,545.0,50525.0
20260530,7,육지,113.17,526.0,50466.0
20260530,7,제주,113.17,526.0,50466.0
20260530,8,육지,100.07,639.0,48523.0
20260530,8,제주,100.07,639.0,48523.0
20260530,9,육지,99.78,625.0,46796.0
20260530,9,제주,99.78,625.0,46796.0
20260530,10,육지,80.34,619.0,45375.0
20260530,10,제주,80.34,619.0,45375.0
20260530,11,육지,100.52,635.0,45233.0
20260530,11,제주,100.52,635.0,45233.0
20260530,12,육지,100.5,624.0,44087.0
20260530,12,제주,100.5,624.0,44087.0
20260530,13,육지,100.48,614.0,43083.0
20260530,13,제주,100.48,614.0,43083.0
20260530,14,육지,100.48,618.0,44769.0
20260530,14,제주,100.48,618.0,44769.0
20260530,15,육지,100.24,635.0,46465.0
20260530,15,제주,100.24,635.0,46465.0
20260530,16,육지,97.69,667.0,49091.0
20260530,16,제주,97.69,667.0,49091.0
20260530,17,육지,100.5,665.0,52426.0
20260530,17,제주,100.5,665.0,52426.0
20260530,18,육지,132.99,730.0,55943.0
20260530,18,제주,132.99,730.0,55943.0
20260530,19,육지,140.54,769.0,59268.0
20260530,19,제주,140.54,769.0,59268.0
20260530,20,육지,132.99,741.0,60173.0
20260530,20,제주,132.99,741.0,60173.0
20260530,21,육지,140.54,759.0,59834.0
20260530,21,제주,140.54,759.0,59834.0
20260530,22,육지,112.92,750.0,57859.0
20260530,22,제주,112.92,750.0,57859.0
20260530,23,육지,112.92,688.0,57332.0
20260530,23,제주,112.92,688.0,57332.0
20260530,24,육지,112.88,662.0,54763.0
20260530,24,제주,112.88,662.0,54763.0
20260531,1,육지,104.74,600.0,51001.0
20260531,1,제주,104.74,600.0,51001.0
20260531,2,육지,97.58,575.0,49112.0
20260531,2,제주,97.58,575.0,49112.0
20260531,3,육지,93.4,555.0,47787.0
20260531,3,제주,93.4,555.0,47787.0
20260531,4,육지,93.41,542.0,47038.0
20260531,4,제주,93.41,542.0,47038.0
20260531,5,육지,120.7,542.0,46874.0
20260531,5,제주,120.7,542.0,46874.0
20260531,6,육지,120.7,547.0,46664.0
20260531,6,제주,120.7,547.0,46664.0
20260531,7,육지,120.71,531.0,46708.0
20260531,7,제주,120.71,531.0,46708.0
20260531,8,육지,81.8,651.0,44849.0
20260531,8,제주,81.8,651.0,44849.0
20260531,9,육지,80.21,641.0,42335.0
20260531,9,제주,80.21,641.0,42335.0
20260531,10,육지,80.21,636.0,40929.0
20260531,10,제주,80.21,636.0,40929.0
20260531,11,육지,80.21,632.0,40304.0
20260531,11,제주,80.21,632.0,40304.0
20260531,12,육지,80.21,615.0,39219.0
20260531,12,제주,80.21,615.0,39219.0
20260531,13,육지,80.21,605.0,39044.0
20260531,13,제주,80.21,605.0,39044.0
20260531,14,육지,80.21,618.0,40662.0
20260531,14,제주,80.21,618.0,40662.0
20260531,15,육지,97.06,647.0,42721.0
20260531,15,제주,97.06,647.0,42721.0
20260531,16,육지,97.52,672.0,45942.0
20260531,16,제주,97.52,672.0,45942.0
20260531,17,육지,106.74,671.0,49970.0
20260531,17,제주,106.74,671.0,49970.0
20260531,18,육지,113.36,736.0,54892.0
20260531,18,제주,113.36,736.0,54892.0
20260531,19,육지,128.56,775.0,59023.0
20260531,19,제주,128.56,775.0,59023.0
20260531,20,육지,128.81,748.0,60607.0
20260531,20,제주,128.81,748.0,60607.0
20260531,21,육지,128.98,759.0,60314.0
20260531,21,제주,128.98,759.0,60314.0
20260531,22,육지,124.71,742.0,58201.0
20260531,22,제주,124.71,742.0,58201.0
20260531,23,육지,123.06,691.0,55977.0
20260531,23,제주,123.06,691.0,55977.0
20260531,24,육지,113.34,662.0,53390.0
20260531,24,제주,113.34,662.0,53390.0
20260601,1,육지,101.64,615.0,50686.0
20260601,1,제주,101.64,615.0,50686.0
20260601,2,육지,97.12,589.0,48770.0
20260601,2,제주,97.12,589.0,48770.0
20260601,3,육지,91.48,570.0,47649.0
20260601,3,제주,91.48,570.0,47649.0
20260601,4,육지,86.49,559.0,47016.0
20260601,4,제주,86.49,559.0,47016.0
20260601,5,육지,86.41,559.0,47407.0
20260601,5,제주,86.41,559.0,47407.0
20260601,6,육지,98.27,571.0,48656.0
20260601,6,제주,98.27,571.0,48656.0
20260601,7,육지,99.27,570.0,51426.0
20260601,7,제주,99.27,570.0,51426.0
20260601,8,육지,142.07,564.0,55507.0
20260601,8,제주,142.07,564.0,55507.0
20260601,9,육지,136.17,575.0,59437.0
20260601,9,제주,136.17,575.0,59437.0
20260601,10,육지,132.59,583.0,60882.0
20260601,10,제주,132.59,583.0,60882.0
20260601,11,육지,142.16,654.0,60506.0
20260601,11,제주,142.16,654.0,60506.0
20260601,12,육지,132.53,632.0,58291.0
20260601,12,제주,132.53,632.0,58291.0
20260601,13,육지,132.53,632.0,56421.0
20260601,13,제주,132.53,632.0,56421.0
20260601,14,육지,133.85,635.0,61631.0
20260601,14,제주,133.85,635.0,61631.0
20260601,15,육지,143.27,660.0,64776.0
20260601,15,제주,143.27,660.0,64776.0
20260601,16,육지,143.27,684.0,66551.0
20260601,16,제주,143.27,684.0,66551.0
20260601,17,육지,142.5,696.0,69076.0
20260601,17,제주,142.5,696.0,69076.0
20260601,18,육지,142.15,735.0,69620.0
20260601,18,제주,142.15,735.0,69620.0
20260601,19,육지,142.16,757.0,71186.0
20260601,19,제주,142.16,757.0,71186.0
20260601,20,육지,142.16,752.0,70165.0
20260601,20,제주,142.16,752.0,70165.0
20260601,21,육지,136.66,756.0,68385.0
20260601,21,제주,136.66,756.0,68385.0
20260601,22,육지,134.76,737.0,65405.0
20260601,22,제주,134.76,737.0,65405.0
20260601,23,육지,134.76,690.0,63425.0
20260601,23,제주,134.76,690.0,63425.0
20260601,24,육지,134.76,661.0,60502.0
20260601,24,제주,134.76,661.0,60502.0
20260602,1,육지,142.53,612.0,56811.0
20260602,1,제주,142.53,612.0,56811.0
20260602,2,육지,99.19,575.0,54585.0
20260602,2,제주,99.19,575.0,54585.0
20260602,3,육지,96.17,554.0,53170.0
20260602,3,제주,96.17,554.0,53170.0
20260602,4,육지,93.16,541.0,52354.0
20260602,4,제주,93.16,541.0,52354.0
20260602,5,육지,93.16,540.0,52307.0
20260602,5,제주,93.16,540.0,52307.0
20260602,6,육지,94.67,551.0,53200.0
20260602,6,제주,94.67,551.0,53200.0
20260602,7,육지,132.22,584.0,55844.0
20260602,7,제주,152.71,584.0,55844.0
20260602,8,육지,111.37,633.0,59583.0
20260602,8,제주,111.37,633.0,59583.0
20260602,9,육지,142.54,683.0,63197.0
20260602,9,제주,142.54,683.0,63197.0
20260602,10,육지,124.33,703.0,64622.0
20260602,10,제주,124.33,703.0,64622.0
20260602,11,육지,124.11,706.0,64132.0
20260602,11,제주,124.11,706.0,64132.0
20260602,12,육지,124.0,681.0,61213.0
20260602,12,제주,124.0,681.0,61213.0
20260602,13,육지,133.18,638.0,57824.0
20260602,13,제주,133.18,638.0,57824.0
20260602,14,육지,123.73,630.0,61180.0
20260602,14,제주,123.73,630.0,61180.0
20260602,15,육지,129.07,641.0,63087.0
20260602,15,제주,129.07,641.0,63087.0
20260602,16,육지,129.07,666.0,64164.0
20260602,16,제주,129.07,666.0,64164.0
20260602,17,육지,152.67,698.0,66794.0
20260602,17,제주,152.67,698.0,66794.0
20260602,18,육지,136.48,725.0,67863.0
20260602,18,제주,136.48,725.0,67863.0
20260602,19,육지,141.36,739.0,68877.0
20260602,19,제주,141.36,739.0,68877.0
20260602,20,육지,138.37,753.0,68673.0
20260602,20,제주,138.37,753.0,68673.0
20260602,21,육지,135.22,748.0,67113.0
20260602,21,제주,135.22,748.0,67113.0
20260602,22,육지,135.14,723.0,64628.0
20260602,22,제주,135.14,723.0,64628.0
20260602,23,육지,145.09,702.0,62620.0
20260602,23,제주,145.09,702.0,62620.0
20260602,24,육지,134.13,667.0,59812.0
20260602,24,제주,134.13,667.0,59812.0
20260603,1,육지,111.12,612.0,55431.0
20260603,1,제주,111.12,612.0,55431.0
20260603,2,육지,101.65,575.0,53358.0
20260603,2,제주,101.65,575.0,53358.0
20260603,3,육지,111.03,554.0,52193.0
20260603,3,제주,111.03,554.0,52193.0
20260603,4,육지,91.91,541.0,51232.0
20260603,4,제주,91.91,541.0,51232.0
20260603,5,육지,101.67,540.0,51261.0
20260603,5,제주,101.67,540.0,51261.0
20260603,6,육지,101.68,549.0,51352.0
20260603,6,제주,101.68,549.0,51352.0
20260603,7,육지,91.91,573.0,51279.0
20260603,7,제주,91.91,573.0,51279.0
20260603,8,육지,86.85,599.0,49990.0
20260603,8,제주,86.85,599.0,49990.0
20260603,9,육지,86.85,619.0,49919.0
20260603,9,제주,86.85,619.0,49919.0
20260603,10,육지,99.23,624.0,49964.0
20260603,10,제주,99.23,624.0,49964.0
20260603,11,육지,141.44,642.0,50327.0
20260603,11,제주,141.44,642.0,50327.0
20260603,12,육지,141.44,628.0,50186.0
20260603,12,제주,141.44,628.0,50186.0
20260603,13,육지,137.87,621.0,48718.0
20260603,13,제주,137.87,621.0,48718.0
20260603,14,육지,141.41,627.0,51145.0
20260603,14,제주,141.41,627.0,51145.0
20260603,15,육지,141.41,642.0,53208.0
20260603,15,제주,141.41,642.0,53208.0
20260603,16,육지,137.84,653.0,55753.0
20260603,16,제주,137.84,653.0,55753.0
20260603,17,육지,130.49,680.0,59053.0
20260603,17,제주,130.49,680.0,59053.0
20260603,18,육지,130.54,724.0,60492.0
20260603,18,제주,130.54,724.0,60492.0
20260603,19,육지,130.63,740.0,61686.0
20260603,19,제주,130.63,740.0,61686.0
20260603,20,육지,144.17,753.0,62443.0
20260603,20,제주,144.17,753.0,62443.0
20260603,21,육지,131.94,750.0,62374.0
20260603,21,제주,131.94,750.0,62374.0
20260603,22,육지,131.94,725.0,60611.0
20260603,22,제주,131.94,725.0,60611.0
20260603,23,육지,132.03,690.0,59036.0
20260603,23,제주,132.03,690.0,59036.0
20260603,24,육지,117.07,656.0,56822.0
20260603,24,제주,117.07,656.0,56822.0
20260604,1,육지,101.46,603.0,51704.0
20260604,1,제주,101.46,603.0,51704.0
20260604,2,육지,87.99,573.0,49760.0
20260604,2,제주,87.99,573.0,49760.0
20260604,3,육지,86.8,550.0,48627.0
20260604,3,제주,86.8,550.0,48627.0
20260604,4,육지,86.41,536.0,48299.0
20260604,4,제주,86.41,536.0,48299.0
20260604,5,육지,86.41,534.0,48469.0
20260604,5,제주,86.41,534.0,48469.0
20260604,6,육지,86.8,545.0,50070.0
20260604,6,제주,86.8,545.0,50070.0
20260604,7,육지,98.4,558.0,51665.0
20260604,7,제주,98.4,558.0,51665.0
20260604,8,육지,99.42,585.0,55924.0
20260604,8,제주,99.42,585.0,55924.0
20260604,9,육지,133.92,620.0,60212.0
20260604,9,제주,133.92,620.0,60212.0
20260604,10,육지,135.51,689.0,62317.0
20260604,10,제주,135.51,689.0,62317.0
20260604,11,육지,142.52,710.0,62991.0
20260604,11,제주,142.52,710.0,62991.0
20260604,12,육지,148.82,711.0,61233.0
20260604,12,제주,148.82,711.0,61233.0
20260604,13,육지,148.65,715.0,60099.0
20260604,13,제주,148.65,715.0,60099.0
20260604,14,육지,149.34,737.0,64189.0
20260604,14,제주,149.34,737.0,64189.0
20260604,15,육지,148.62,728.0,65122.0
20260604,15,제주,148.62,728.0,65122.0
20260604,16,육지,148.62,730.0,66685.0
20260604,16,제주,148.62,730.0,66685.0
20260604,17,육지,148.63,730.0,67639.0
20260604,17,제주,148.63,730.0,67639.0
20260604,18,육지,148.63,740.0,68130.0
20260604,18,제주,148.63,740.0,68130.0
20260604,19,육지,135.9,740.0,68794.0
20260604,19,제주,135.9,740.0,68794.0
20260604,20,육지,136.03,748.0,69101.0
20260604,20,제주,136.03,748.0,69101.0
20260604,21,육지,132.62,737.0,67094.0
20260604,21,제주,132.62,737.0,67094.0
20260604,22,육지,132.3,710.0,64163.0
20260604,22,제주,132.3,710.0,64163.0
20260604,23,육지,140.86,682.0,61683.0
20260604,23,제주,140.86,682.0,61683.0
20260604,24,육지,140.48,647.0,59361.0
20260604,24,제주,140.48,647.0,59361.0
20260605,1,육지,120.71,610.0,56356.0
20260605,1,제주,120.71,610.0,56356.0
20260605,2,육지,98.01,574.0,54288.0
20260605,2,제주,98.01,574.0,54288.0
20260605,3,육지,97.44,551.0,52977.0
20260605,3,제주,97.44,551.0,52977.0
20260605,4,육지,92.91,538.0,52219.0
20260605,4,제주,92.91,538.0,52219.0
20260605,5,육지,93.87,535.0,52177.0
20260605,5,제주,93.87,535.0,52177.0
20260605,6,육지,98.23,544.0,53006.0
20260605,6,제주,98.23,544.0,53006.0
20260605,7,육지,135.06,560.0,54926.0
20260605,7,제주,135.06,560.0,54926.0
20260605,8,육지,142.73,575.0,57035.0
20260605,8,제주,142.73,575.0,57035.0
20260605,9,육지,142.16,598.0,59237.0
20260605,9,제주,142.16,598.0,59237.0
20260605,10,육지,128.16,600.0,59089.0
20260605,10,제주,128.16,600.0,59089.0
20260605,11,육지,144.32,583.0,57812.0
20260605,11,제주,144.32,583.0,57812.0
20260605,12,육지,127.84,562.0,55517.0
20260605,12,제주,127.84,562.0,55517.0
20260605,13,육지,127.79,555.0,52513.0
20260605,13,제주,127.79,555.0,52513.0
20260605,14,육지,127.7,568.0,56068.0
20260605,14,제주,127.7,568.0,56068.0
20260605,15,육지,127.7,584.0,58097.0
20260605,15,제주,127.7,584.0,58097.0
20260605,16,육지,136.18,605.0,59634.0
20260605,16,제주,136.18,605.0,59634.0
20260605,17,육지,136.18,649.0,62709.0
20260605,17,제주,136.18,649.0,62709.0
20260605,18,육지,136.19,699.0,65015.0
20260605,18,제주,136.19,699.0,65015.0
20260605,19,육지,136.21,733.0,66832.0
20260605,19,제주,136.21,733.0,66832.0
20260605,20,육지,136.23,753.0,67316.0
20260605,20,제주,136.23,753.0,67316.0
20260605,21,육지,136.24,744.0,65924.0
20260605,21,제주,136.24,744.0,65924.0
20260605,22,육지,135.87,718.0,63617.0
20260605,22,제주,135.87,718.0,63617.0
20260605,23,육지,136.83,687.0,61762.0
20260605,23,제주,136.83,687.0,61762.0
20260605,24,육지,135.28,650.0,59156.0
20260605,24,제주,135.28,650.0,59156.0
20260606,1,육지,112.65,619.0,53652.0
20260606,1,제주,112.65,619.0,53652.0
20260606,2,육지,95.62,585.0,51059.0
20260606,2,제주,95.62,585.0,51059.0
20260606,3,육지,89.95,561.0,50005.0
20260606,3,제주,89.95,561.0,50005.0
20260606,4,육지,89.95,548.0,49550.0
20260606,4,제주,89.95,548.0,49550.0
20260606,5,육지,91.46,544.0,48937.0
20260606,5,제주,91.46,544.0,48937.0
20260606,6,육지,111.49,547.0,48668.0
20260606,6,제주,111.49,547.0,48668.0
20260606,7,육지,111.4,556.0,48910.0
20260606,7,제주,111.4,556.0,48910.0
20260606,8,육지,89.82,560.0,46655.0
20260606,8,제주,89.82,560.0,46655.0
20260606,9,육지,81.75,553.0,43993.0
20260606,9,제주,81.75,553.0,43993.0
20260606,10,육지,81.75,559.0,42696.0
20260606,10,제주,81.75,559.0,42696.0
20260606,11,육지,81.75,564.0,42442.0
20260606,11,제주,81.75,564.0,42442.0
20260606,12,육지,100.67,554.0,42538.0
20260606,12,제주,100.67,554.0,42538.0
20260606,13,육지,81.75,544.0,41412.0
20260606,13,제주,81.75,544.0,41412.0
20260606,14,육지,81.75,559.0,42062.0
20260606,14,제주,81.75,559.0,42062.0
20260606,15,육지,81.75,576.0,43173.0
20260606,15,제주,81.75,576.0,43173.0
20260606,16,육지,99.86,604.0,46520.0
20260606,16,제주,99.86,604.0,46520.0
20260606,17,육지,100.74,629.0,49399.0
20260606,17,제주,100.74,629.0,49399.0
20260606,18,육지,110.26,676.0,53182.0
20260606,18,제주,110.26,676.0,53182.0
20260606,19,육지,112.08,712.0,57587.0
20260606,19,제주,112.08,712.0,57587.0
20260606,20,육지,112.08,732.0,58648.0
20260606,20,제주,112.08,732.0,58648.0
20260606,21,육지,112.09,737.0,59133.0
20260606,21,제주,112.09,737.0,59133.0
20260606,22,육지,112.09,714.0,57342.0
20260606,22,제주,112.09,714.0,57342.0
20260606,23,육지,112.16,688.0,56814.0
20260606,23,제주,112.16,688.0,56814.0
20260606,24,육지,112.96,657.0,54819.0
20260606,24,제주,112.96,657.0,54819.0
20260607,1,육지,102.23,597.0,49972.0
20260607,1,제주,102.23,597.0,49972.0
20260607,2,육지,90.13,570.0,47991.0
20260607,2,제주,90.13,570.0,47991.0
20260607,3,육지,90.13,549.0,46754.0
20260607,3,제주,90.13,549.0,46754.0
20260607,4,육지,89.42,535.0,46326.0
20260607,4,제주,89.42,535.0,46326.0
20260607,5,육지,90.13,533.0,46029.0
20260607,5,제주,90.13,533.0,46029.0
20260607,6,육지,90.13,539.0,46008.0
20260607,6,제주,90.13,539.0,46008.0
20260607,7,육지,88.18,528.0,45213.0
20260607,7,제주,88.18,528.0,45213.0
20260607,8,육지,84.72,588.0,42560.0
20260607,8,제주,84.72,588.0,42560.0
20260607,9,육지,81.8,591.0,41056.0
20260607,9,제주,81.8,591.0,41056.0
20260607,10,육지,46.92,573.0,39855.0
20260607,10,제주,46.92,573.0,39855.0
20260607,11,육지,81.8,549.0,41305.0
20260607,11,제주,81.8,549.0,41305.0
20260607,12,육지,100.34,536.0,41578.0
20260607,12,제주,100.34,536.0,41578.0
20260607,13,육지,100.42,531.0,41328.0
20260607,13,제주,100.42,531.0,41328.0
20260607,14,육지,100.33,551.0,42252.0
20260607,14,제주,100.33,551.0,42252.0
20260607,15,육지,100.15,572.0,44302.0
20260607,15,제주,100.15,572.0,44302.0
20260607,16,육지,99.8,611.0,46501.0
20260607,16,제주,99.8,611.0,46501.0
20260607,17,육지,100.39,664.0,49612.0
20260607,17,제주,100.39,664.0,49612.0
20260607,18,육지,110.26,719.0,53949.0
20260607,18,제주,110.26,719.0,53949.0
20260607,19,육지,110.28,751.0,56127.0
20260607,19,제주,110.28,751.0,56127.0
20260607,20,육지,117.57,751.0,58347.0
20260607,20,제주,117.57,751.0,58347.0
20260607,21,육지,117.57,754.0,57994.0
20260607,21,제주,117.57,754.0,57994.0
20260607,22,육지,110.28,732.0,55088.0
20260607,22,제주,110.28,732.0,55088.0
20260607,23,육지,110.28,692.0,53345.0
20260607,23,제주,110.28,692.0,53345.0
20260607,24,육지,110.28,658.0,51619.0
20260607,24,제주,110.28,658.0,51619.0
20260608,1,육지,100.64,607.0,48182.0
20260608,1,제주,100.64,607.0,48182.0
20260608,2,육지,92.44,576.0,46850.0
20260608,2,제주,92.44,576.0,46850.0
20260608,3,육지,84.67,551.0,45099.0
20260608,3,제주,84.67,551.0,45099.0
20260608,4,육지,83.7,536.0,44317.0
20260608,4,제주,83.7,536.0,44317.0
20260608,5,육지,84.67,535.0,45387.0
20260608,5,제주,84.67,535.0,45387.0
20260608,6,육지,91.69,546.0,47104.0
20260608,6,제주,91.69,546.0,47104.0
20260608,7,육지,93.48,560.0,49424.0
20260608,7,제주,93.48,560.0,49424.0
20260608,8,육지,99.33,582.0,54255.0
20260608,8,제주,99.33,582.0,54255.0
20260608,9,육지,137.01,608.0,58489.0
20260608,9,제주,137.01,608.0,58489.0
20260608,10,육지,99.32,606.0,59420.0
20260608,10,제주,99.32,606.0,59420.0
20260608,11,육지,99.32,594.0,59203.0
20260608,11,제주,99.32,594.0,59203.0
20260608,12,육지,99.28,582.0,57111.0
20260608,12,제주,99.28,582.0,57111.0
20260608,13,육지,99.28,588.0,54678.0
20260608,13,제주,99.28,588.0,54678.0
20260608,14,육지,99.28,601.0,57677.0
20260608,14,제주,99.28,601.0,57677.0
20260608,15,육지,99.27,611.0,60343.0
20260608,15,제주,99.27,611.0,60343.0
20260608,16,육지,99.28,627.0,61160.0
20260608,16,제주,99.28,627.0,61160.0
20260608,17,육지,104.94,683.0,63596.0
20260608,17,제주,104.94,683.0,63596.0
20260608,18,육지,137.14,719.0,63807.0
20260608,18,제주,137.14,719.0,63807.0
20260608,19,육지,137.42,736.0,65898.0
20260608,19,제주,137.42,736.0,65898.0
20260608,20,육지,137.42,767.0,65434.0
20260608,20,제주,137.42,767.0,65434.0
20260608,21,육지,137.42,756.0,63651.0
20260608,21,제주,137.42,756.0,63651.0
20260608,22,육지,137.42,727.0,61816.0
20260608,22,제주,137.42,727.0,61816.0
20260608,23,육지,137.42,697.0,59618.0
20260608,23,제주,137.42,697.0,59618.0
20260608,24,육지,132.14,659.0,57833.0
20260608,24,제주,132.14,659.0,57833.0
20260609,1,육지,133.25,613.0,56241.0
20260609,1,제주,133.25,613.0,56241.0
20260609,2,육지,98.42,576.0,54175.0
20260609,2,제주,98.42,576.0,54175.0
20260609,3,육지,97.9,554.0,52704.0
20260609,3,제주,97.9,554.0,52704.0
20260609,4,육지,98.42,537.0,52138.0
20260609,4,제주,98.42,537.0,52138.0
20260609,5,육지,98.42,533.0,51997.0
20260609,5,제주,98.42,533.0,51997.0
20260609,6,육지,133.35,545.0,53075.0
20260609,6,제주,133.35,545.0,53075.0
20260609,7,육지,133.35,570.0,54500.0
20260609,7,제주,133.35,570.0,54500.0
20260609,8,육지,133.25,604.0,56457.0
20260609,8,제주,133.25,604.0,56457.0
20260609,9,육지,139.95,623.0,58075.0
20260609,9,제주,139.95,623.0,58075.0
20260609,10,육지,128.81,618.0,57674.0
20260609,10,제주,128.81,618.0,57674.0
20260609,11,육지,128.62,609.0,56912.0
20260609,11,제주,128.62,609.0,56912.0
20260609,12,육지,128.44,599.0,54549.0
20260609,12,제주,128.44,599.0,54549.0
20260609,13,육지,128.35,583.0,52047.0
20260609,13,제주,128.35,583.0,52047.0
20260609,14,육지,128.3,605.0,55472.0
20260609,14,제주,128.3,605.0,55472.0
20260609,15,육지,128.21,618.0,57257.0
20260609,15,제주,128.21,618.0,57257.0
20260609,16,육지,128.17,624.0,58940.0
20260609,16,제주,128.17,624.0,58940.0
20260609,17,육지,136.78,671.0,62401.0
20260609,17,제주,136.78,671.0,62401.0
20260609,18,육지,136.49,702.0,64430.0
20260609,18,제주,136.49,702.0,64430.0
20260609,19,육지,136.82,734.0,67172.0
20260609,19,제주,136.82,734.0,67172.0
20260609,20,육지,142.45,752.0,68032.0
20260609,20,제주,142.45,752.0,68032.0
20260609,21,육지,133.06,746.0,66222.0
20260609,21,제주,133.06,746.0,66222.0
20260609,22,육지,133.06,722.0,63856.0
20260609,22,제주,133.06,722.0,63856.0
20260609,23,육지,133.16,694.0,62287.0
20260609,23,제주,133.16,694.0,62287.0
20260609,24,육지,117.77,657.0,59102.0
20260609,24,제주,117.77,657.0,59102.0
20260610,1,육지,111.91,613.0,55636.0
20260610,1,제주,111.91,613.0,55636.0
20260610,2,육지,104.48,576.0,53943.0
20260610,2,제주,104.48,576.0,53943.0
20260610,3,육지,98.42,554.0,52650.0
20260610,3,제주,98.42,554.0,52650.0
20260610,4,육지,98.26,537.0,51989.0
20260610,4,제주,98.26,537.0,51989.0
20260610,5,육지,98.04,533.0,51728.0
20260610,5,제주,98.04,533.0,51728.0
20260610,6,육지,98.42,544.0,52676.0
20260610,6,제주,98.42,544.0,52676.0
20260610,7,육지,98.42,563.0,54406.0
20260610,7,제주,98.42,563.0,54406.0
20260610,8,육지,131.72,586.0,56110.0
20260610,8,제주,131.72,586.0,56110.0
20260610,9,육지,137.38,592.0,57690.0
20260610,9,제주,137.38,592.0,57690.0
20260610,10,육지,98.37,588.0,57659.0
20260610,10,제주,98.37,588.0,57659.0
20260610,11,육지,128.89,576.0,57443.0
20260610,11,제주,128.89,576.0,57443.0
20260610,12,육지,128.75,570.0,56367.0
20260610,12,제주,128.75,570.0,56367.0
20260610,13,육지,128.66,550.0,54423.0
20260610,13,제주,128.66,550.0,54423.0
20260610,14,육지,128.66,544.0,58481.0
20260610,14,제주,128.66,544.0,58481.0
20260610,15,육지,128.57,562.0,60406.0
20260610,15,제주,128.57,562.0,60406.0
20260610,16,육지,135.39,578.0,61252.0
20260610,16,제주,135.39,578.0,61252.0
20260610,17,육지,135.44,625.0,63873.0
20260610,17,제주,135.44,625.0,63873.0
20260610,18,육지,135.47,663.0,65250.0
20260610,18,제주,135.47,663.0,65250.0
20260610,19,육지,137.52,699.0,67751.0
20260610,19,제주,137.52,699.0,67751.0
20260610,20,육지,137.54,677.0,67262.0
20260610,20,제주,137.54,677.0,67262.0
20260610,21,육지,137.05,673.0,66288.0
20260610,21,제주,137.05,673.0,66288.0
20260610,22,육지,133.73,652.0,64105.0
20260610,22,제주,133.73,652.0,64105.0
20260610,23,육지,133.96,663.0,62297.0
20260610,23,제주,133.96,663.0,62297.0
20260610,24,육지,133.92,627.0,59331.0
20260610,24,제주,133.92,627.0,59331.0
20260611,1,육지,138.47,610.0,55681.0
20260611,1,제주,138.47,610.0,55681.0
20260611,2,육지,102.03,576.0,54187.0
20260611,2,제주,102.03,576.0,54187.0
20260611,3,육지,102.03,551.0,53127.0
20260611,3,제주,102.03,551.0,53127.0
20260611,4,육지,102.03,537.0,52200.0
20260611,4,제주,102.03,537.0,52200.0
20260611,5,육지,102.03,535.0,52361.0
20260611,5,제주,102.03,535.0,52361.0
20260611,6,육지,102.03,545.0,53097.0
20260611,6,제주,102.03,545.0,53097.0
20260611,7,육지,116.5,568.0,54274.0
20260611,7,제주,116.5,568.0,54274.0
20260611,8,육지,116.5,593.0,55813.0
20260611,8,제주,116.5,593.0,55813.0
20260611,9,육지,98.34,597.0,57299.0
20260611,9,제주,98.34,597.0,57299.0
20260611,10,육지,98.33,586.0,57263.0
20260611,10,제주,98.33,586.0,57263.0
20260611,11,육지,98.29,577.0,56668.0
20260611,11,제주,98.29,577.0,56668.0
20260611,12,육지,128.38,564.0,54577.0
20260611,12,제주,128.38,564.0,54577.0
20260611,13,육지,134.08,557.0,52462.0
20260611,13,제주,134.08,557.0,52462.0
20260611,14,육지,128.24,573.0,57292.0
20260611,14,제주,128.24,573.0,57292.0
20260611,15,육지,128.15,583.0,59981.0
20260611,15,제주,128.15,583.0,59981.0
20260611,16,육지,128.15,608.0,60693.0
20260611,16,제주,128.15,608.0,60693.0
20260611,17,육지,134.77,638.0,63617.0
20260611,17,제주,134.77,638.0,63617.0
20260611,18,육지,134.78,688.0,65034.0
20260611,18,제주,134.78,688.0,65034.0
20260611,19,육지,143.44,723.0,66983.0
20260611,19,제주,143.44,723.0,66983.0
20260611,20,육지,143.44,724.0,67342.0
20260611,20,제주,143.44,724.0,67342.0
20260611,21,육지,143.44,722.0,66012.0
20260611,21,제주,143.44,722.0,66012.0
20260611,22,육지,128.88,697.0,63653.0
20260611,22,제주,128.88,697.0,63653.0
20260611,23,육지,128.98,686.0,61690.0
20260611,23,제주,128.98,686.0,61690.0
20260611,24,육지,116.01,648.0,59123.0
20260611,24,제주,116.01,648.0,59123.0
20260612,1,육지,101.39,598.0,55034.0
20260612,1,제주,101.39,598.0,55034.0
20260612,2,육지,96.87,564.0,52990.0
20260612,2,제주,96.87,564.0,52990.0
20260612,3,육지,93.7,540.0,51924.0
20260612,3,제주,93.7,540.0,51924.0
20260612,4,육지,91.46,525.0,51142.0
20260612,4,제주,91.46,525.0,51142.0
20260612,5,육지,92.34,523.0,51147.0
20260612,5,제주,92.34,523.0,51147.0
20260612,6,육지,93.04,534.0,51888.0
20260612,6,제주,93.04,534.0,51888.0
20260612,7,육지,95.38,552.0,53852.0
20260612,7,제주,95.38,552.0,53852.0
20260612,8,육지,98.98,573.0,55987.0
20260612,8,제주,98.98,573.0,55987.0
20260612,9,육지,137.06,588.0,58302.0
20260612,9,제주,137.06,588.0,58302.0
20260612,10,육지,129.05,584.0,59014.0
20260612,10,제주,129.05,584.0,59014.0
20260612,11,육지,128.92,580.0,58648.0
20260612,11,제주,128.92,580.0,58648.0
20260612,12,육지,128.73,570.0,57232.0
20260612,12,제주,128.73,570.0,57232.0
20260612,13,육지,128.6,568.0,54929.0
20260612,13,제주,128.6,568.0,54929.0
20260612,14,육지,128.51,588.0,58258.0
20260612,14,제주,128.51,588.0,58258.0
20260612,15,육지,128.37,602.0,60373.0
20260612,15,제주,128.37,602.0,60373.0
20260612,16,육지,128.37,629.0,62022.0
20260612,16,제주,128.37,629.0,62022.0
20260612,17,육지,128.37,647.0,64774.0
20260612,17,제주,128.37,647.0,64774.0
20260612,18,육지,128.51,697.0,65924.0
20260612,18,제주,128.51,697.0,65924.0
20260612,19,육지,129.68,718.0,67644.0
20260612,19,제주,129.68,718.0,67644.0
20260612,20,육지,129.83,733.0,67722.0
20260612,20,제주,129.83,733.0,67722.0
20260612,21,육지,130.02,727.0,66286.0
20260612,21,제주,130.02,727.0,66286.0
20260612,22,육지,130.11,699.0,63764.0
20260612,22,제주,130.11,699.0,63764.0
20260612,23,육지,117.1,679.0,61819.0
20260612,23,제주,117.1,679.0,61819.0
20260612,24,육지,117.1,640.0,58968.0
20260612,24,제주,117.1,640.0,58968.0
20260613,1,육지,111.58,592.0,55055.0
20260613,1,제주,111.58,592.0,55055.0
20260613,2,육지,100.21,562.0,53040.0
20260613,2,제주,100.21,562.0,53040.0
20260613,3,육지,99.38,540.0,51675.0
20260613,3,제주,99.38,540.0,51675.0
20260613,4,육지,98.1,526.0,50694.0
20260613,4,제주,98.1,526.0,50694.0
20260613,5,육지,99.38,531.0,50435.0
20260613,5,제주,99.38,531.0,50435.0
20260613,6,육지,95.77,536.0,50122.0
20260613,6,제주,95.77,536.0,50122.0
20260613,7,육지,94.87,526.0,49794.0
20260613,7,제주,94.87,526.0,49794.0
20260613,8,육지,90.19,599.0,48055.0
20260613,8,제주,90.19,599.0,48055.0
20260613,9,육지,83.34,593.0,45742.0
20260613,9,제주,83.34,593.0,45742.0
20260613,10,육지,78.33,595.0,44784.0
20260613,10,제주,78.33,595.0,44784.0
20260613,11,육지,78.9,551.0,44331.0
20260613,11,제주,78.9,551.0,44331.0
20260613,12,육지,78.95,543.0,43472.0
20260613,12,제주,78.95,543.0,43472.0
20260613,13,육지,6.38,546.0,42577.0
20260613,13,제주,6.38,546.0,42577.0
20260613,14,육지,78.95,580.0,44447.0
20260613,14,제주,78.95,580.0,44447.0
20260613,15,육지,78.95,591.0,46243.0
20260613,15,제주,78.95,591.0,46243.0
20260613,16,육지,83.34,615.0,48438.0
20260613,16,제주,83.34,615.0,48438.0
20260613,17,육지,89.1,611.0,51350.0
20260613,17,제주,89.1,611.0,51350.0
20260613,18,육지,109.97,668.0,54978.0
20260613,18,제주,109.97,668.0,54978.0
20260613,19,육지,110.42,700.0,58337.0
20260613,19,제주,110.42,700.0,58337.0
20260613,20,육지,111.01,733.0,59656.0
20260613,20,제주,111.01,733.0,59656.0
20260613,21,육지,110.0,739.0,59268.0
20260613,21,제주,110.0,739.0,59268.0
20260613,22,육지,110.75,725.0,57652.0
20260613,22,제주,110.75,725.0,57652.0
20260613,23,육지,110.0,675.0,56084.0
20260613,23,제주,110.0,675.0,56084.0
20260613,24,육지,110.0,646.0,54364.0
20260613,24,제주,110.0,646.0,54364.0
20260614,1,육지,101.25,588.0,51769.0
20260614,1,제주,101.25,588.0,51769.0
20260614,2,육지,96.66,561.0,49502.0
20260614,2,제주,96.66,561.0,49502.0
20260614,3,육지,95.76,540.0,48211.0
20260614,3,제주,95.76,540.0,48211.0
20260614,4,육지,95.45,526.0,47381.0
20260614,4,제주,95.45,526.0,47381.0
20260614,5,육지,95.76,532.0,47029.0
20260614,5,제주,95.76,532.0,47029.0
20260614,6,육지,97.1,538.0,47140.0
20260614,6,제주,97.1,538.0,47140.0
20260614,7,육지,95.76,529.0,46850.0
20260614,7,제주,95.76,529.0,46850.0
20260614,8,육지,85.83,627.0,46050.0
20260614,8,제주,85.83,627.0,46050.0
20260614,9,육지,82.29,639.0,44086.0
20260614,9,제주,82.29,639.0,44086.0
20260614,10,육지,81.75,655.0,43236.0
20260614,10,제주,81.75,655.0,43236.0
20260614,11,육지,81.75,612.0,43328.0
20260614,11,제주,81.75,612.0,43328.0
20260614,12,육지,99.83,611.0,43022.0
20260614,12,제주,99.83,611.0,43022.0
20260614,13,육지,100.13,620.0,42604.0
20260614,13,제주,100.13,620.0,42604.0
20260614,14,육지,100.01,623.0,43472.0
20260614,14,제주,100.01,623.0,43472.0
20260614,15,육지,100.29,636.0,45110.0
20260614,15,제주,100.29,636.0,45110.0
20260614,16,육지,100.27,648.0,47835.0
20260614,16,제주,100.27,648.0,47835.0
20260614,17,육지,99.95,641.0,51165.0
20260614,17,제주,99.95,641.0,51165.0
20260614,18,육지,109.34,679.0,55036.0
20260614,18,제주,109.34,679.0,55036.0
20260614,19,육지,111.48,701.0,58730.0
20260614,19,제주,111.48,701.0,58730.0
20260614,20,육지,111.48,737.0,60437.0
20260614,20,제주,111.48,737.0,60437.0
20260614,21,육지,111.48,739.0,59539.0
20260614,21,제주,111.48,739.0,59539.0
20260614,22,육지,111.48,718.0,57480.0
20260614,22,제주,111.48,718.0,57480.0
20260614,23,육지,111.48,680.0,55533.0
20260614,23,제주,111.48,680.0,55533.0
20260614,24,육지,111.48,646.0,53122.0
20260614,24,제주,111.48,646.0,53122.0
20260615,1,육지,97.72,610.0,51376.0
20260615,1,제주,97.72,610.0,51376.0
20260615,2,육지,91.45,576.0,49539.0
20260615,2,제주,91.45,576.0,49539.0
20260615,3,육지,89.09,553.0,48618.0
20260615,3,제주,89.09,553.0,48618.0
20260615,4,육지,85.88,538.0,47731.0
20260615,4,제주,85.88,538.0,47731.0
20260615,5,육지,87.39,537.0,48095.0
20260615,5,제주,87.39,537.0,48095.0
20260615,6,육지,90.76,547.0,49327.0
20260615,6,제주,90.76,547.0,49327.0
20260615,7,육지,99.5,571.0,52013.0
20260615,7,제주,99.5,571.0,52013.0
20260615,8,육지,104.03,604.0,55726.0
20260615,8,제주,104.03,604.0,55726.0
20260615,9,육지,138.75,631.0,59615.0
20260615,9,제주,138.75,631.0,59615.0
20260615,10,육지,138.13,645.0,60481.0
20260615,10,제주,138.13,645.0,60481.0
20260615,11,육지,138.83,594.0,60609.0
20260615,11,제주,138.83,594.0,60609.0
20260615,12,육지,138.83,581.0,58305.0
20260615,12,제주,138.83,581.0,58305.0
20260615,13,육지,139.87,559.0,55848.0
20260615,13,제주,139.87,559.0,55848.0
20260615,14,육지,138.83,607.0,59378.0
20260615,14,제주,138.83,607.0,59378.0
20260615,15,육지,138.83,613.0,61889.0
20260615,15,제주,138.83,613.0,61889.0
20260615,16,육지,138.83,632.0,64133.0
20260615,16,제주,138.83,632.0,64133.0
20260615,17,육지,138.83,659.0,67327.0
20260615,17,제주,138.83,659.0,67327.0
20260615,18,육지,139.87,691.0,68803.0
20260615,18,제주,139.87,691.0,68803.0
20260615,19,육지,139.89,667.0,70606.0
20260615,19,제주,139.89,667.0,70606.0
20260615,20,육지,139.89,748.0,70244.0
20260615,20,제주,139.89,748.0,70244.0
20260615,21,육지,139.74,739.0,68357.0
20260615,21,제주,139.74,739.0,68357.0
20260615,22,육지,139.74,709.0,65515.0
20260615,22,제주,139.74,709.0,65515.0
20260615,23,육지,139.74,687.0,63402.0
20260615,23,제주,139.74,687.0,63402.0
20260615,24,육지,108.7,647.0,60611.0
20260615,24,제주,108.7,647.0,60611.0
20260616,1,육지,135.92,600.0,56886.0
20260616,1,제주,135.92,600.0,56886.0
20260616,2,육지,94.14,567.0,54773.0
20260616,2,제주,94.14,567.0,54773.0
20260616,3,육지,92.63,544.0,53558.0
20260616,3,제주,92.63,544.0,53558.0
20260616,4,육지,92.63,528.0,52750.0
20260616,4,제주,92.63,528.0,52750.0
20260616,5,육지,92.63,527.0,52566.0
20260616,5,제주,92.63,527.0,52566.0
20260616,6,육지,93.57,540.0,53081.0
20260616,6,제주,93.57,540.0,53081.0
20260616,7,육지,95.49,557.0,55197.0
20260616,7,제주,95.49,557.0,55197.0
20260616,8,육지,98.58,581.0,57403.0
20260616,8,제주,98.58,581.0,57403.0
20260616,9,육지,99.13,599.0,60022.0
20260616,9,제주,99.13,599.0,60022.0
20260616,10,육지,99.12,608.0,61088.0
20260616,10,제주,99.12,608.0,61088.0
20260616,11,육지,140.9,602.0,60655.0
20260616,11,제주,140.9,602.0,60655.0
20260616,12,육지,141.15,601.0,59715.0
20260616,12,제주,141.15,601.0,59715.0
20260616,13,육지,140.8,588.0,57540.0
20260616,13,제주,140.8,588.0,57540.0
20260616,14,육지,141.42,610.0,61651.0
20260616,14,제주,141.42,610.0,61651.0
20260616,15,육지,141.42,631.0,64114.0
20260616,15,제주,141.42,631.0,64114.0
20260616,16,육지,141.43,653.0,65804.0
20260616,16,제주,141.43,653.0,65804.0
20260616,17,육지,141.44,671.0,68035.0
20260616,17,제주,141.44,671.0,68035.0
20260616,18,육지,142.52,714.0,69275.0
20260616,18,제주,142.52,714.0,69275.0
20260616,19,육지,142.57,735.0,70996.0
20260616,19,제주,142.57,735.0,70996.0
20260616,20,육지,142.71,756.0,70710.0
20260616,20,제주,142.71,756.0,70710.0
20260616,21,육지,141.0,747.0,69013.0
20260616,21,제주,141.0,747.0,69013.0
20260616,22,육지,140.98,718.0,65994.0
20260616,22,제주,140.98,718.0,65994.0
20260616,23,육지,134.56,691.0,64037.0
20260616,23,제주,134.56,691.0,64037.0
20260616,24,육지,115.57,654.0,61007.0
20260616,24,제주,115.57,654.0,61007.0
20260617,1,육지,101.08,600.0,58220.0
20260617,1,제주,101.08,600.0,58220.0
20260617,2,육지,97.68,567.0,56332.0
20260617,2,제주,97.68,567.0,56332.0
20260617,3,육지,96.1,544.0,55268.0
20260617,3,제주,96.1,544.0,55268.0
20260617,4,육지,89.8,528.0,54166.0
20260617,4,제주,89.8,528.0,54166.0
20260617,5,육지,95.4,527.0,54111.0
20260617,5,제주,95.4,527.0,54111.0
20260617,6,육지,96.73,541.0,54868.0
20260617,6,제주,96.73,541.0,54868.0
20260617,7,육지,96.89,564.0,56552.0
20260617,7,제주,96.89,564.0,56552.0
20260617,8,육지,99.24,601.0,59181.0
20260617,8,제주,99.24,601.0,59181.0
20260617,9,육지,137.74,648.0,63151.0
20260617,9,제주,137.74,648.0,63151.0
20260617,10,육지,140.56,686.0,65007.0
20260617,10,제주,140.56,686.0,65007.0
20260617,11,육지,143.48,712.0,65851.0
20260617,11,제주,143.48,712.0,65851.0
20260617,12,육지,144.96,714.0,65136.0
20260617,12,제주,144.96,714.0,65136.0
20260617,13,육지,143.35,705.0,62583.0
20260617,13,제주,143.35,705.0,62583.0
20260617,14,육지,144.53,733.0,67103.0
20260617,14,제주,144.53,733.0,67103.0
20260617,15,육지,143.18,739.0,71005.0
20260617,15,제주,143.18,739.0,71005.0
20260617,16,육지,146.71,745.0,73456.0
20260617,16,제주,146.71,745.0,73456.0
20260617,17,육지,145.73,734.0,76310.0
20260617,17,제주,145.73,734.0,76310.0
20260617,18,육지,141.81,753.0,74516.0
20260617,18,제주,141.81,753.0,74516.0
20260617,19,육지,138.33,762.0,73560.0
20260617,19,제주,138.33,762.0,73560.0
20260617,20,육지,142.33,777.0,73139.0
20260617,20,제주,142.33,777.0,73139.0
20260617,21,육지,138.51,767.0,71051.0
20260617,21,제주,138.51,767.0,71051.0
20260617,22,육지,141.72,737.0,68246.0
20260617,22,제주,141.72,737.0,68246.0
20260617,23,육지,138.61,701.0,65685.0
20260617,23,제주,138.61,701.0,65685.0
20260617,24,육지,111.47,664.0,62522.0
20260617,24,제주,111.47,664.0,62522.0
20260618,1,육지,99.26,614.0,58470.0
20260618,1,제주,99.26,614.0,58470.0
20260618,2,육지,91.05,579.0,56383.0
20260618,2,제주,91.05,579.0,56383.0
20260618,3,육지,91.05,554.0,55219.0
20260618,3,제주,91.05,554.0,55219.0
20260618,4,육지,91.05,538.0,54173.0
20260618,4,제주,91.05,538.0,54173.0
20260618,5,육지,91.05,536.0,54297.0
20260618,5,제주,91.05,536.0,54297.0
20260618,6,육지,91.05,547.0,55219.0
20260618,6,제주,91.05,547.0,55219.0
20260618,7,육지,91.05,572.0,56882.0
20260618,7,제주,91.05,572.0,56882.0
20260618,8,육지,99.19,610.0,59767.0
20260618,8,제주,99.19,610.0,59767.0
20260618,9,육지,111.24,647.0,64373.0
20260618,9,제주,111.24,647.0,64373.0
20260618,10,육지,138.74,673.0,66717.0
20260618,10,제주,138.74,673.0,66717.0
20260618,11,육지,139.4,688.0,67545.0
20260618,11,제주,139.4,688.0,67545.0
20260618,12,육지,139.9,701.0,66658.0
20260618,12,제주,139.9,701.0,66658.0
20260618,13,육지,139.89,697.0,65757.0
20260618,13,제주,139.89,697.0,65757.0
20260618,14,육지,139.89,715.0,70669.0
20260618,14,제주,139.89,715.0,70669.0
20260618,15,육지,139.36,732.0,72313.0
20260618,15,제주,139.36,732.0,72313.0
20260618,16,육지,139.79,744.0,72684.0
20260618,16,제주,139.79,744.0,72684.0
20260618,17,육지,140.09,751.0,75375.0
20260618,17,제주,140.09,751.0,75375.0
20260618,18,육지,140.09,771.0,74803.0
20260618,18,제주,140.09,771.0,74803.0
20260618,19,육지,140.18,782.0,74148.0
20260618,19,제주,140.18,782.0,74148.0
20260618,20,육지,140.28,788.0,73622.0
20260618,20,제주,140.28,788.0,73622.0
20260618,21,육지,140.37,779.0,71451.0
20260618,21,제주,140.37,779.0,71451.0
20260618,22,육지,138.76,748.0,68371.0
20260618,22,제주,138.76,748.0,68371.0
20260618,23,육지,138.38,714.0,65630.0
20260618,23,제주,138.38,714.0,65630.0
20260618,24,육지,99.25,674.0,62867.0
20260618,24,제주,99.25,674.0,62867.0
20260619,1,육지,99.09,623.0,58562.0
20260619,1,제주,99.09,623.0,58562.0
20260619,2,육지,91.19,589.0,56542.0
20260619,2,제주,91.19,589.0,56542.0
20260619,3,육지,91.17,566.0,55320.0
20260619,3,제주,91.17,566.0,55320.0
20260619,4,육지,91.17,549.0,54490.0
20260619,4,제주,91.17,549.0,54490.0
20260619,5,육지,91.24,544.0,54437.0
20260619,5,제주,91.24,544.0,54437.0
20260619,6,육지,91.17,553.0,55095.0
20260619,6,제주,91.17,553.0,55095.0
20260619,7,육지,98.5,588.0,56800.0
20260619,7,제주,98.5,588.0,56800.0
20260619,8,육지,99.05,635.0,60411.0
20260619,8,제주,99.05,635.0,60411.0
20260619,9,육지,137.14,685.0,65495.0
20260619,9,제주,137.14,685.0,65495.0
20260619,10,육지,137.5,726.0,68385.0
20260619,10,제주,137.5,726.0,68385.0
20260619,11,육지,137.69,745.0,70065.0
20260619,11,제주,137.69,745.0,70065.0
20260619,12,육지,137.79,744.0,69329.0
20260619,12,제주,137.79,744.0,69329.0
20260619,13,육지,137.78,735.0,67776.0
20260619,13,제주,137.78,735.0,67776.0
20260619,14,육지,137.77,740.0,72490.0
20260619,14,제주,137.77,740.0,72490.0
20260619,15,육지,141.61,754.0,74932.0
20260619,15,제주,141.61,754.0,74932.0
20260619,16,육지,141.61,780.0,76378.0
20260619,16,제주,141.61,780.0,76378.0
20260619,17,육지,141.61,794.0,77831.0
20260619,17,제주,141.61,794.0,77831.0
20260619,18,육지,147.52,803.0,75992.0
20260619,18,제주,147.52,803.0,75992.0
20260619,19,육지,147.52,800.0,74796.0
20260619,19,제주,147.52,800.0,74796.0
20260619,20,육지,138.54,803.0,73970.0
20260619,20,제주,138.54,803.0,73970.0
20260619,21,육지,133.66,792.0,71570.0
20260619,21,제주,133.66,792.0,71570.0
20260619,22,육지,133.59,758.0,68379.0
20260619,22,제주,133.59,758.0,68379.0
20260619,23,육지,128.9,724.0,66009.0
20260619,23,제주,128.9,724.0,66009.0
20260619,24,육지,116.94,682.0,62512.0
20260619,24,제주,116.94,682.0,62512.0
20260620,1,육지,100.84,630.0,57487.0
20260620,1,제주,100.84,630.0,57487.0
20260620,2,육지,97.27,595.0,55156.0
20260620,2,제주,97.27,595.0,55156.0
20260620,3,육지,93.35,570.0,53527.0
20260620,3,제주,93.35,570.0,53527.0
20260620,4,육지,93.35,554.0,52425.0
20260620,4,제주,93.35,554.0,52425.0
20260620,5,육지,93.35,550.0,52011.0
20260620,5,제주,93.35,550.0,52011.0
20260620,6,육지,93.35,557.0,51942.0
20260620,6,제주,93.35,557.0,51942.0
20260620,7,육지,93.35,567.0,52979.0
20260620,7,제주,93.35,567.0,52979.0
20260620,8,육지,93.35,667.0,54781.0
20260620,8,제주,93.35,667.0,54781.0
20260620,9,육지,97.27,698.0,57432.0
20260620,9,제주,97.27,698.0,57432.0
20260620,10,육지,103.64,725.0,60044.0
20260620,10,제주,103.64,725.0,60044.0
20260620,11,육지,128.69,722.0,62036.0
20260620,11,제주,128.69,722.0,62036.0
20260620,12,육지,128.69,713.0,60963.0
20260620,12,제주,128.69,713.0,60963.0
20260620,13,육지,134.2,689.0,60119.0
20260620,13,제주,134.2,689.0,60119.0
20260620,14,육지,135.03,658.0,61475.0
20260620,14,제주,135.03,658.0,61475.0
20260620,15,육지,135.03,658.0,61445.0
20260620,15,제주,135.03,658.0,61445.0
20260620,16,육지,100.01,696.0,61991.0
20260620,16,제주,100.01,696.0,61991.0
20260620,17,육지,103.64,687.0,61860.0
20260620,17,제주,103.64,687.0,61860.0
20260620,18,육지,103.64,740.0,62104.0
20260620,18,제주,103.64,740.0,62104.0
20260620,19,육지,103.64,765.0,63127.0
20260620,19,제주,103.64,765.0,63127.0
20260620,20,육지,103.64,807.0,62768.0
20260620,20,제주,103.64,807.0,62768.0
20260620,21,육지,103.64,802.0,62163.0
20260620,21,제주,103.64,802.0,62163.0
20260620,22,육지,103.64,780.0,60324.0
20260620,22,제주,103.64,780.0,60324.0
20260620,23,육지,103.64,723.0,58943.0
20260620,23,제주,103.64,723.0,58943.0
20260620,24,육지,99.6,689.0,56556.0
20260620,24,제주,99.6,689.0,56556.0
20260621,1,육지,104.02,627.0,52113.0
20260621,1,제주,104.02,627.0,52113.0
20260621,2,육지,90.72,594.0,50223.0
20260621,2,제주,90.72,594.0,50223.0
20260621,3,육지,90.72,570.0,48910.0
20260621,3,제주,90.72,570.0,48910.0
20260621,4,육지,90.72,553.0,47956.0
20260621,4,제주,90.72,553.0,47956.0
20260621,5,육지,90.72,551.0,47680.0
20260621,5,제주,90.72,551.0,47680.0
20260621,6,육지,90.72,557.0,47573.0
20260621,6,제주,90.72,557.0,47573.0
20260621,7,육지,90.15,558.0,47067.0
20260621,7,제주,90.15,558.0,47067.0
20260621,8,육지,88.03,672.0,45882.0
20260621,8,제주,88.03,672.0,45882.0
20260621,9,육지,83.75,680.0,44869.0
20260621,9,제주,83.75,680.0,44869.0
20260621,10,육지,81.19,674.0,44098.0
20260621,10,제주,81.19,674.0,44098.0
20260621,11,육지,81.19,641.0,43940.0
20260621,11,제주,81.19,641.0,43940.0
20260621,12,육지,86.85,632.0,43745.0
20260621,12,제주,86.85,632.0,43745.0
20260621,13,육지,86.85,632.0,43767.0
20260621,13,제주,86.85,632.0,43767.0
20260621,14,육지,86.85,624.0,45182.0
20260621,14,제주,86.85,624.0,45182.0
20260621,15,육지,86.85,638.0,47185.0
20260621,15,제주,86.85,638.0,47185.0
20260621,16,육지,86.85,677.0,49745.0
20260621,16,제주,86.85,677.0,49745.0
20260621,17,육지,90.01,695.0,52821.0
20260621,17,제주,90.01,695.0,52821.0
20260621,18,육지,104.05,743.0,56612.0
20260621,18,제주,104.05,743.0,56612.0
20260621,19,육지,104.83,770.0,59955.0
20260621,19,제주,104.83,770.0,59955.0
20260621,20,육지,109.76,805.0,61143.0
20260621,20,제주,109.76,805.0,61143.0
20260621,21,육지,109.76,802.0,60673.0
20260621,21,제주,109.76,802.0,60673.0
20260621,22,육지,109.76,776.0,58843.0
20260621,22,제주,109.76,776.0,58843.0
20260621,23,육지,109.76,726.0,56694.0
20260621,23,제주,109.76,726.0,56694.0
20260621,24,육지,109.76,689.0,54428.0
20260621,24,제주,109.76,689.0,54428.0
20260622,1,육지,89.38,609.0,50241.0
20260622,1,제주,89.38,609.0,50241.0
20260622,2,육지,88.06,575.0,48660.0
20260622,2,제주,88.06,575.0,48660.0
20260622,3,육지,88.06,551.0,47369.0
20260622,3,제주,88.06,551.0,47369.0
20260622,4,육지,88.06,536.0,46662.0
20260622,4,제주,88.06,536.0,46662.0
20260622,5,육지,88.06,534.0,47133.0
20260622,5,제주,88.06,534.0,47133.0
20260622,6,육지,88.06,546.0,48568.0
20260622,6,제주,88.06,546.0,48568.0
20260622,7,육지,89.38,575.0,51370.0
20260622,7,제주,89.38,575.0,51370.0
20260622,8,육지,90.79,622.0,56011.0
20260622,8,제주,90.79,622.0,56011.0
20260622,9,육지,99.83,677.0,62049.0
20260622,9,제주,99.83,677.0,62049.0
20260622,10,육지,104.34,714.0,65733.0
20260622,10,제주,104.34,714.0,65733.0
20260622,11,육지,136.02,759.0,67293.0
20260622,11,제주,136.02,759.0,67293.0
20260622,12,육지,102.85,757.0,66151.0
20260622,12,제주,102.85,757.0,66151.0
20260622,13,육지,95.31,748.0,64197.0
20260622,13,제주,95.31,748.0,64197.0
20260622,14,육지,104.34,745.0,67984.0
20260622,14,제주,104.34,745.0,67984.0
20260622,15,육지,136.02,750.0,70194.0
20260622,15,제주,136.02,750.0,70194.0
20260622,16,육지,142.18,758.0,71569.0
20260622,16,제주,142.18,758.0,71569.0
20260622,17,육지,142.18,764.0,72573.0
20260622,17,제주,142.18,764.0,72573.0
20260622,18,육지,142.18,777.0,71573.0
20260622,18,제주,142.18,777.0,71573.0
20260622,19,육지,136.02,758.0,70617.0
20260622,19,제주,136.02,758.0,70617.0
20260622,20,육지,136.02,818.0,69599.0
20260622,20,제주,136.02,818.0,69599.0
20260622,21,육지,136.02,804.0,67705.0
20260622,21,제주,136.02,804.0,67705.0
20260622,22,육지,102.85,773.0,64726.0
20260622,22,제주,102.85,773.0,64726.0
20260622,23,육지,102.85,735.0,62731.0
20260622,23,제주,102.85,735.0,62731.0
20260622,24,육지,98.33,690.0,59819.0
20260622,24,제주,98.33,690.0,59819.0
20260623,1,육지,98.3,637.0,56602.0
20260623,1,제주,98.3,637.0,56602.0
20260623,2,육지,92.15,600.0,54768.0
20260623,2,제주,92.15,600.0,54768.0
20260623,3,육지,89.14,575.0,53440.0
20260623,3,제주,89.14,575.0,53440.0
20260623,4,육지,89.14,557.0,52665.0
20260623,4,제주,89.14,557.0,52665.0
20260623,5,육지,89.14,552.0,52601.0
20260623,5,제주,89.14,552.0,52601.0
20260623,6,육지,89.14,563.0,53297.0
20260623,6,제주,89.14,563.0,53297.0
20260623,7,육지,90.85,599.0,55526.0
20260623,7,제주,90.85,599.0,55526.0
20260623,8,육지,92.24,659.0,58472.0
20260623,8,제주,92.24,659.0,58472.0
20260623,9,육지,98.3,724.0,62162.0
20260623,9,제주,98.3,724.0,62162.0
20260623,10,육지,99.53,771.0,63723.0
20260623,10,제주,99.53,771.0,63723.0
20260623,11,육지,99.54,777.0,63727.0
20260623,11,제주,99.54,777.0,63727.0
20260623,12,육지,99.71,755.0,62329.0
20260623,12,제주,99.71,755.0,62329.0
20260623,13,육지,98.6,742.0,59703.0
20260623,13,제주,98.6,742.0,59703.0
20260623,14,육지,99.69,745.0,63242.0
20260623,14,제주,99.69,745.0,63242.0
20260623,15,육지,99.69,741.0,64746.0
20260623,15,제주,99.69,741.0,64746.0
20260623,16,육지,99.12,755.0,65825.0
20260623,16,제주,99.12,755.0,65825.0
20260623,17,육지,102.82,781.0,68016.0
20260623,17,제주,102.82,781.0,68016.0
20260623,18,육지,102.82,802.0,69037.0
20260623,18,제주,102.82,802.0,69037.0
20260623,19,육지,115.78,801.0,70488.0
20260623,19,제주,115.78,801.0,70488.0
20260623,20,육지,119.77,812.0,70568.0
20260623,20,제주,119.77,812.0,70568.0
20260623,21,육지,145.11,803.0,68831.0
20260623,21,제주,145.11,803.0,68831.0
20260623,22,육지,145.11,768.0,65935.0
20260623,22,제주,145.11,768.0,65935.0
20260623,23,육지,145.11,732.0,63931.0
20260623,23,제주,145.11,732.0,63931.0
20260623,24,육지,102.82,689.0,60911.0
20260623,24,제주,102.82,689.0,60911.0
20260624,1,육지,100.64,637.0,57028.0
20260624,1,제주,100.64,637.0,57028.0
20260624,2,육지,94.67,600.0,55022.0
20260624,2,제주,94.67,600.0,55022.0
20260624,3,육지,90.79,575.0,53769.0
20260624,3,제주,90.79,575.0,53769.0
20260624,4,육지,89.14,557.0,52891.0
20260624,4,제주,89.14,557.0,52891.0
20260624,5,육지,89.14,552.0,53038.0
20260624,5,제주,89.14,552.0,53038.0
20260624,6,육지,90.45,563.0,53877.0
20260624,6,제주,90.45,563.0,53877.0
20260624,7,육지,92.19,594.0,56208.0
20260624,7,제주,92.19,594.0,56208.0
20260624,8,육지,95.57,642.0,59277.0
20260624,8,제주,95.57,642.0,59277.0
20260624,9,육지,103.93,699.0,63797.0
20260624,9,제주,103.93,699.0,63797.0
20260624,10,육지,101.08,751.0,65501.0
20260624,10,제주,101.08,751.0,65501.0
20260624,11,육지,129.47,765.0,65666.0
20260624,11,제주,129.47,765.0,65666.0
20260624,12,육지,131.33,772.0,64513.0
20260624,12,제주,131.33,772.0,64513.0
20260624,13,육지,127.95,779.0,61894.0
20260624,13,제주,127.95,779.0,61894.0
20260624,14,육지,134.35,780.0,65238.0
20260624,14,제주,134.35,780.0,65238.0
20260624,15,육지,133.18,766.0,66778.0
20260624,15,제주,133.18,766.0,66778.0
20260624,16,육지,129.47,758.0,67734.0
20260624,16,제주,129.47,758.0,67734.0
20260624,17,육지,101.08,748.0,69804.0
20260624,17,제주,101.08,748.0,69804.0
20260624,18,육지,101.08,765.0,69056.0
20260624,18,제주,101.08,765.0,69056.0
20260624,19,육지,101.08,768.0,69544.0
20260624,19,제주,101.08,768.0,69544.0
20260624,20,육지,108.46,779.0,69961.0
20260624,20,제주,108.46,779.0,69961.0
20260624,21,육지,108.46,769.0,67853.0
20260624,21,제주,108.46,769.0,67853.0
20260624,22,육지,101.08,736.0,65153.0
20260624,22,제주,101.08,736.0,65153.0
20260624,23,육지,99.48,712.0,63089.0
20260624,23,제주,99.48,712.0,63089.0
20260624,24,육지,92.53,670.0,60395.0
20260624,24,제주,92.53,670.0,60395.0
20260625,1,육지,92.93,618.0,56174.0
20260625,1,제주,92.93,618.0,56174.0
20260625,2,육지,89.14,584.0,54209.0
20260625,2,제주,89.14,584.0,54209.0
20260625,3,육지,89.14,561.0,52915.0
20260625,3,제주,89.14,561.0,52915.0
20260625,4,육지,89.14,548.0,52173.0
20260625,4,제주,89.14,548.0,52173.0
20260625,5,육지,89.14,542.0,52277.0
20260625,5,제주,89.14,542.0,52277.0
20260625,6,육지,89.14,552.0,53014.0
20260625,6,제주,89.14,552.0,53014.0
20260625,7,육지,89.14,587.0,55116.0
20260625,7,제주,89.14,587.0,55116.0
20260625,8,육지,89.14,639.0,58330.0
20260625,8,제주,89.14,639.0,58330.0
20260625,9,육지,99.76,697.0,61641.0
20260625,9,제주,99.76,697.0,61641.0
20260625,10,육지,100.15,717.0,63340.0
20260625,10,제주,100.15,717.0,63340.0
20260625,11,육지,100.11,731.0,63669.0
20260625,11,제주,100.11,731.0,63669.0
20260625,12,육지,100.11,705.0,63245.0
20260625,12,제주,100.11,705.0,63245.0
20260625,13,육지,99.44,688.0,60988.0
20260625,13,제주,99.44,688.0,60988.0
20260625,14,육지,99.75,702.0,64685.0
20260625,14,제주,99.75,702.0,64685.0
20260625,15,육지,99.94,706.0,66982.0
20260625,15,제주,99.94,706.0,66982.0
20260625,16,육지,136.69,709.0,68182.0
20260625,16,제주,136.69,709.0,68182.0
20260625,17,육지,113.66,724.0,69243.0
20260625,17,제주,113.66,724.0,69243.0
20260625,18,육지,114.72,757.0,69246.0
20260625,18,제주,114.72,757.0,69246.0
20260625,19,육지,115.51,755.0,69310.0
20260625,19,제주,115.51,755.0,69310.0
20260625,20,육지,117.1,764.0,69000.0
20260625,20,제주,117.1,764.0,69000.0
20260625,21,육지,117.1,759.0,67174.0
20260625,21,제주,117.1,759.0,67174.0
20260625,22,육지,136.7,726.0,64564.0
20260625,22,제주,136.7,726.0,64564.0
20260625,23,육지,102.31,703.0,62557.0
20260625,23,제주,102.31,703.0,62557.0
20260625,24,육지,98.23,662.0,59859.0
20260625,24,제주,98.23,662.0,59859.0
20260626,1,육지,91.81,614.0,56799.0
20260626,1,제주,91.81,614.0,56799.0
20260626,2,육지,91.81,578.0,54687.0
20260626,2,제주,91.81,578.0,54687.0
20260626,3,육지,90.77,556.0,53211.0
20260626,3,제주,90.77,556.0,53211.0
20260626,4,육지,89.38,541.0,52368.0
20260626,4,제주,89.38,541.0,52368.0
20260626,5,육지,89.38,537.0,52198.0
20260626,5,제주,89.38,537.0,52198.0
20260626,6,육지,89.38,544.0,52988.0
20260626,6,제주,89.38,544.0,52988.0
20260626,7,육지,90.35,571.0,54982.0
20260626,7,제주,90.35,571.0,54982.0
20260626,8,육지,91.54,607.0,57863.0
20260626,8,제주,91.54,607.0,57863.0
20260626,9,육지,99.4,634.0,60731.0
20260626,9,제주,99.4,634.0,60731.0
20260626,10,육지,136.53,634.0,61624.0
20260626,10,제주,136.53,634.0,61624.0
20260626,11,육지,99.37,632.0,60923.0
20260626,11,제주,99.37,632.0,60923.0
20260626,12,육지,138.92,616.0,59587.0
20260626,12,제주,138.92,616.0,59587.0
20260626,13,육지,134.26,602.0,56516.0
20260626,13,제주,134.26,602.0,56516.0
20260626,14,육지,99.33,617.0,60014.0
20260626,14,제주,99.33,617.0,60014.0
20260626,15,육지,99.18,635.0,61905.0
20260626,15,제주,99.18,635.0,61905.0
20260626,16,육지,98.96,645.0,62922.0
20260626,16,제주,98.96,645.0,62922.0
20260626,17,육지,99.09,676.0,65791.0
20260626,17,제주,99.09,676.0,65791.0
20260626,18,육지,134.26,719.0,68021.0
20260626,18,제주,134.26,719.0,68021.0
20260626,19,육지,134.27,741.0,69919.0
20260626,19,제주,134.27,741.0,69919.0
20260626,20,육지,134.27,758.0,70365.0
20260626,20,제주,134.27,758.0,70365.0
20260626,21,육지,134.28,755.0,68910.0
20260626,21,제주,134.28,755.0,68910.0
20260626,22,육지,107.29,725.0,66113.0
20260626,22,제주,107.29,725.0,66113.0
20260626,23,육지,107.29,702.0,63877.0
20260626,23,제주,107.29,702.0,63877.0
20260626,24,육지,107.29,662.0,60840.0
20260626,24,제주,107.29,662.0,60840.0
20260627,1,육지,110.93,614.0,56373.0
20260627,1,제주,110.93,614.0,56373.0
20260627,2,육지,98.2,581.0,54134.0
20260627,2,제주,98.2,581.0,54134.0
20260627,3,육지,91.71,556.0,52835.0
20260627,3,제주,91.71,556.0,52835.0
20260627,4,육지,90.83,540.0,51907.0
20260627,4,제주,90.83,540.0,51907.0
20260627,5,육지,90.48,545.0,51590.0
20260627,5,제주,90.48,545.0,51590.0
20260627,6,육지,90.48,546.0,51544.0
20260627,6,제주,90.48,546.0,51544.0
20260627,7,육지,89.67,564.0,51235.0
20260627,7,제주,89.67,564.0,51235.0
20260627,8,육지,88.59,639.0,49789.0
20260627,8,제주,88.59,639.0,49789.0
20260627,9,육지,88.59,653.0,48615.0
20260627,9,제주,88.59,653.0,48615.0
20260627,10,육지,84.09,661.0,48335.0
20260627,10,제주,84.09,661.0,48335.0
20260627,11,육지,82.93,630.0,47834.0
20260627,11,제주,82.93,630.0,47834.0
20260627,12,육지,82.93,618.0,46774.0
20260627,12,제주,82.93,618.0,46774.0
20260627,13,육지,5.85,613.0,45825.0
20260627,13,제주,5.85,613.0,45825.0
20260627,14,육지,84.4,632.0,47979.0
20260627,14,제주,84.4,632.0,47979.0
20260627,15,육지,82.93,635.0,49426.0
20260627,15,제주,82.93,635.0,49426.0
20260627,16,육지,84.09,667.0,51753.0
20260627,16,제주,84.09,667.0,51753.0
20260627,17,육지,88.59,671.0,54276.0
20260627,17,제주,88.59,671.0,54276.0
20260627,18,육지,101.67,725.0,57652.0
20260627,18,제주,101.67,725.0,57652.0
20260627,19,육지,140.1,754.0,60902.0
20260627,19,제주,140.1,754.0,60902.0
20260627,20,육지,140.28,771.0,62548.0
20260627,20,제주,140.28,771.0,62548.0
20260627,21,육지,140.66,763.0,61816.0
20260627,21,제주,140.66,763.0,61816.0
20260627,22,육지,140.66,738.0,59671.0
20260627,22,제주,140.66,738.0,59671.0
20260627,23,육지,140.7,699.0,58185.0
20260627,23,제주,140.7,699.0,58185.0
20260627,24,육지,135.97,667.0,55731.0
20260627,24,제주,135.97,667.0,55731.0
20260628,1,육지,100.45,613.0,52747.0
20260628,1,제주,100.45,613.0,52747.0
20260628,2,육지,100.46,579.0,50532.0
20260628,2,제주,100.46,579.0,50532.0
20260628,3,육지,92.11,556.0,49134.0
20260628,3,제주,92.11,556.0,49134.0
20260628,4,육지,90.69,538.0,48161.0
20260628,4,제주,90.69,538.0,48161.0
20260628,5,육지,100.46,540.0,47691.0
20260628,5,제주,100.46,540.0,47691.0
20260628,6,육지,100.46,547.0,47795.0
20260628,6,제주,100.46,547.0,47795.0
20260628,7,육지,99.72,555.0,47230.0
20260628,7,제주,99.72,555.0,47230.0
20260628,8,육지,81.97,645.0,45781.0
20260628,8,제주,81.97,645.0,45781.0
20260628,9,육지,80.02,648.0,43906.0
20260628,9,제주,80.02,648.0,43906.0
20260628,10,육지,80.01,649.0,42970.0
20260628,10,제주,80.01,649.0,42970.0
20260628,11,육지,80.43,626.0,42661.0
20260628,11,제주,80.43,626.0,42661.0
20260628,12,육지,80.65,621.0,42691.0
20260628,12,제주,80.65,621.0,42691.0
20260628,13,육지,80.65,630.0,43519.0
20260628,13,제주,80.65,630.0,43519.0
20260628,14,육지,80.68,636.0,45072.0
20260628,14,제주,80.68,636.0,45072.0
20260628,15,육지,80.68,655.0,47245.0
20260628,15,제주,80.68,655.0,47245.0
20260628,16,육지,80.68,699.0,50241.0
20260628,16,제주,80.68,699.0,50241.0
20260628,17,육지,97.52,691.0,53952.0
20260628,17,제주,97.52,691.0,53952.0
20260628,18,육지,104.05,734.0,57599.0
20260628,18,제주,104.05,734.0,57599.0
20260628,19,육지,110.4,768.0,60332.0
20260628,19,제주,110.4,768.0,60332.0
20260628,20,육지,119.11,769.0,62082.0
20260628,20,제주,119.11,769.0,62082.0
20260628,21,육지,122.84,763.0,61786.0
20260628,21,제주,122.84,763.0,61786.0
20260628,22,육지,110.86,736.0,59503.0
20260628,22,제주,110.86,736.0,59503.0
20260628,23,육지,110.86,707.0,56867.0
20260628,23,제주,110.86,707.0,56867.0
20260628,24,육지,110.86,667.0,54415.0
20260628,24,제주,110.86,667.0,54415.0
20260629,1,육지,93.23,612.0,51119.0
20260629,1,제주,93.23,612.0,51119.0
20260629,2,육지,92.09,578.0,49395.0
20260629,2,제주,92.09,578.0,49395.0
20260629,3,육지,87.4,554.0,48174.0
20260629,3,제주,87.4,554.0,48174.0
20260629,4,육지,86.37,539.0,47501.0
20260629,4,제주,86.37,539.0,47501.0
20260629,5,육지,87.4,537.0,48001.0
20260629,5,제주,87.4,537.0,48001.0
20260629,6,육지,87.4,547.0,49343.0
20260629,6,제주,87.4,547.0,49343.0
20260629,7,육지,91.49,579.0,51672.0
20260629,7,제주,91.49,579.0,51672.0
20260629,8,육지,93.23,618.0,55089.0
20260629,8,제주,93.23,618.0,55089.0
20260629,9,육지,93.23,655.0,58669.0
20260629,9,제주,93.23,655.0,58669.0
20260629,10,육지,106.2,680.0,60401.0
20260629,10,제주,106.2,680.0,60401.0
20260629,11,육지,99.52,666.0,60649.0
20260629,11,제주,99.52,666.0,60649.0
20260629,12,육지,99.47,652.0,58951.0
20260629,12,제주,99.47,652.0,58951.0
20260629,13,육지,125.18,643.0,56463.0
20260629,13,제주,125.18,643.0,56463.0
20260629,14,육지,106.2,675.0,59951.0
20260629,14,제주,106.2,675.0,59951.0
20260629,15,육지,106.2,687.0,62354.0
20260629,15,제주,106.2,687.0,62354.0
20260629,16,육지,106.2,683.0,64549.0
20260629,16,제주,106.2,683.0,64549.0
20260629,17,육지,109.75,702.0,68308.0
20260629,17,제주,109.75,702.0,68308.0
20260629,18,육지,142.42,734.0,69655.0
20260629,18,제주,142.42,734.0,69655.0
20260629,19,육지,142.44,757.0,70883.0
20260629,19,제주,142.44,757.0,70883.0
20260629,20,육지,142.44,777.0,71328.0
20260629,20,제주,142.44,777.0,71328.0
20260629,21,육지,142.44,764.0,69367.0
20260629,21,제주,142.44,764.0,69367.0
20260629,22,육지,111.43,734.0,66415.0
20260629,22,제주,111.43,734.0,66415.0
20260629,23,육지,108.63,710.0,64152.0
20260629,23,제주,108.63,710.0,64152.0
20260629,24,육지,107.78,668.0,61220.0
20260629,24,제주,107.78,668.0,61220.0
20260630,1,육지,93.35,618.0,57473.0
20260630,1,제주,93.35,618.0,57473.0
20260630,2,육지,92.31,582.0,55163.0
20260630,2,제주,92.31,582.0,55163.0
20260630,3,육지,87.01,555.0,53819.0
20260630,3,제주,87.01,555.0,53819.0
20260630,4,육지,87.01,540.0,52989.0
20260630,4,제주,87.01,540.0,52989.0
20260630,5,육지,87.01,535.0,52871.0
20260630,5,제주,87.01,535.0,52871.0
20260630,6,육지,87.01,547.0,53686.0
20260630,6,제주,87.01,547.0,53686.0
20260630,7,육지,87.01,579.0,56000.0
20260630,7,제주,87.01,579.0,56000.0
20260630,8,육지,103.93,628.0,59009.0
20260630,8,제주,103.93,628.0,59009.0
20260630,9,육지,89.27,657.0,61913.0
20260630,9,제주,89.27,657.0,61913.0
20260630,10,육지,98.96,657.0,63227.0
20260630,10,제주,98.96,657.0,63227.0
20260630,11,육지,99.44,647.0,63275.0
20260630,11,제주,99.44,647.0,63275.0
20260630,12,육지,106.2,627.0,62447.0
20260630,12,제주,106.2,627.0,62447.0
20260630,13,육지,99.41,615.0,60842.0
20260630,13,제주,99.41,615.0,60842.0
20260630,14,육지,111.2,631.0,65871.0
20260630,14,제주,111.2,631.0,65871.0
20260630,15,육지,109.68,641.0,68109.0
20260630,15,제주,109.68,641.0,68109.0
20260630,16,육지,110.73,666.0,69005.0
20260630,16,제주,110.73,666.0,69005.0
20260630,17,육지,111.43,701.0,71453.0
20260630,17,제주,111.43,701.0,71453.0
20260630,18,육지,142.87,735.0,71549.0
20260630,18,제주,142.87,735.0,71549.0
20260630,19,육지,142.88,756.0,71903.0
20260630,19,제주,142.88,756.0,71903.0
20260630,20,육지,142.89,771.0,71502.0
20260630,20,제주,142.89,771.0,71502.0
20260630,21,육지,111.43,763.0,69938.0
20260630,21,제주,111.43,763.0,69938.0
20260630,22,육지,107.81,734.0,66901.0
20260630,22,제주,107.81,734.0,66901.0
20260630,23,육지,142.67,709.0,64757.0
20260630,23,제주,142.67,709.0,64757.0
20260630,24,육지,107.81,671.0,61857.0
20260630,24,제주,107.81,671.0,61857.0
20260701,1,육지,96.22,618.0,58832.0
20260701,1,제주,96.22,618.0,58832.0
20260701,2,육지,94.81,582.0,56918.0
20260701,2,제주,94.81,582.0,56918.0
20260701,3,육지,90.17,555.0,55300.0
20260701,3,제주,90.17,555.0,55300.0
20260701,4,육지,90.17,540.0,54586.0
20260701,4,제주,90.17,540.0,54586.0
20260701,5,육지,90.17,535.0,54251.0
20260701,5,제주,90.17,535.0,54251.0
20260701,6,육지,90.17,547.0,55350.0
20260701,6,제주,90.17,547.0,55350.0
20260701,7,육지,90.17,580.0,57714.0
20260701,7,제주,90.17,580.0,57714.0
20260701,8,육지,140.13,635.0,60745.0
20260701,8,제주,140.13,635.0,60745.0
20260701,9,육지,140.13,692.0,64695.0
20260701,9,제주,140.13,692.0,64695.0
20260701,10,육지,109.94,726.0,66471.0
20260701,10,제주,109.94,726.0,66471.0
20260701,11,육지,104.43,736.0,67269.0
20260701,11,제주,104.43,736.0,67269.0
20260701,12,육지,104.42,717.0,66210.0
20260701,12,제주,104.42,717.0,66210.0
20260701,13,육지,104.41,720.0,63506.0
20260701,13,제주,104.41,720.0,63506.0
20260701,14,육지,145.8,766.0,67819.0
20260701,14,제주,145.8,766.0,67819.0
20260701,15,육지,152.83,758.0,70360.0
20260701,15,제주,152.83,758.0,70360.0
20260701,16,육지,152.83,761.0,71623.0
20260701,16,제주,152.83,761.0,71623.0
20260701,17,육지,152.83,735.0,73741.0
20260701,17,제주,152.83,735.0,73741.0
20260701,18,육지,152.83,735.0,74073.0
20260701,18,제주,152.83,735.0,74073.0
20260701,19,육지,152.83,742.0,74159.0
20260701,19,제주,152.83,742.0,74159.0
20260701,20,육지,152.83,790.0,73853.0
20260701,20,제주,152.83,790.0,73853.0
20260701,21,육지,152.83,782.0,71810.0
20260701,21,제주,152.83,782.0,71810.0
20260701,22,육지,152.83,753.0,68670.0
20260701,22,제주,152.83,753.0,68670.0
20260701,23,육지,143.55,719.0,66267.0
20260701,23,제주,143.55,719.0,66267.0
20260701,24,육지,110.2,680.0,63105.0
20260701,24,제주,110.2,680.0,63105.0
20260702,1,육지,98.89,627.0,58077.0
20260702,1,제주,98.89,627.0,58077.0
20260702,2,육지,91.86,591.0,56124.0
20260702,2,제주,91.86,591.0,56124.0
20260702,3,육지,91.86,565.0,54806.0
20260702,3,제주,91.86,565.0,54806.0
20260702,4,육지,91.86,547.0,53993.0
20260702,4,제주,91.86,547.0,53993.0
20260702,5,육지,91.86,543.0,53899.0
20260702,5,제주,91.86,543.0,53899.0
20260702,6,육지,91.86,555.0,54796.0
20260702,6,제주,91.86,555.0,54796.0
20260702,7,육지,91.86,579.0,57143.0
20260702,7,제주,91.86,579.0,57143.0
20260702,8,육지,103.67,612.0,60582.0
20260702,8,제주,103.67,612.0,60582.0
20260702,9,육지,104.92,664.0,64694.0
20260702,9,제주,104.92,664.0,64694.0
20260702,10,육지,113.41,691.0,66331.0
20260702,10,제주,113.41,691.0,66331.0
20260702,11,육지,118.85,695.0,66209.0
20260702,11,제주,118.85,695.0,66209.0
20260702,12,육지,147.53,698.0,65950.0
20260702,12,제주,147.53,698.0,65950.0
20260702,13,육지,118.5,700.0,64273.0
20260702,13,제주,118.5,700.0,64273.0
20260702,14,육지,147.53,742.0,68589.0
20260702,14,제주,147.53,742.0,68589.0
20260702,15,육지,153.19,732.0,71475.0
20260702,15,제주,153.19,732.0,71475.0
20260702,16,육지,153.19,734.0,72729.0
20260702,16,제주,153.19,734.0,72729.0
20260702,17,육지,153.19,723.0,74520.0
20260702,17,제주,153.19,723.0,74520.0
20260702,18,육지,144.94,746.0,73836.0
20260702,18,제주,144.94,746.0,73836.0
20260702,19,육지,147.55,761.0,73326.0
20260702,19,제주,147.55,761.0,73326.0
20260702,20,육지,144.45,790.0,72586.0
20260702,20,제주,144.45,790.0,72586.0
20260702,21,육지,143.63,783.0,70483.0
20260702,21,제주,143.63,783.0,70483.0
20260702,22,육지,143.61,750.0,67701.0
20260702,22,제주,143.61,750.0,67701.0
20260702,23,육지,114.64,721.0,64966.0
20260702,23,제주,114.64,721.0,64966.0
20260702,24,육지,109.92,681.0,62135.0
20260702,24,제주,109.92,681.0,62135.0
20260703,1,육지,99.38,620.0,58247.0
20260703,1,제주,99.38,620.0,58247.0
20260703,2,육지,92.69,587.0,55843.0
20260703,2,제주,92.69,587.0,55843.0
20260703,3,육지,92.69,566.0,54440.0
20260703,3,제주,92.69,566.0,54440.0
20260703,4,육지,92.69,551.0,53580.0
20260703,4,제주,92.69,551.0,53580.0
20260703,5,육지,92.69,542.0,53517.0
20260703,5,제주,92.69,542.0,53517.0
20260703,6,육지,92.69,553.0,54405.0
20260703,6,제주,92.69,553.0,54405.0
20260703,7,육지,92.69,586.0,57130.0
20260703,7,제주,92.69,586.0,57130.0
20260703,8,육지,102.55,643.0,61031.0
20260703,8,제주,102.55,643.0,61031.0
20260703,9,육지,105.01,689.0,65904.0
20260703,9,제주,105.01,689.0,65904.0
20260703,10,육지,130.26,713.0,68481.0
20260703,10,제주,130.26,713.0,68481.0
20260703,11,육지,130.07,757.0,69543.0
20260703,11,제주,130.07,757.0,69543.0
20260703,12,육지,110.78,765.0,69057.0
20260703,12,제주,110.78,765.0,69057.0
20260703,13,육지,110.78,745.0,66813.0
20260703,13,제주,110.78,745.0,66813.0
20260703,14,육지,144.44,748.0,70245.0
20260703,14,제주,144.44,748.0,70245.0
20260703,15,육지,153.72,768.0,72342.0
20260703,15,제주,153.72,768.0,72342.0
20260703,16,육지,153.32,780.0,73198.0
20260703,16,제주,153.32,780.0,73198.0
20260703,17,육지,152.97,774.0,74830.0
20260703,17,제주,152.97,774.0,74830.0
20260703,18,육지,142.12,782.0,73944.0
20260703,18,제주,142.12,782.0,73944.0
20260703,19,육지,146.91,794.0,73781.0
20260703,19,제주,146.91,794.0,73781.0
20260703,20,육지,141.33,816.0,73004.0
20260703,20,제주,141.33,816.0,73004.0
20260703,21,육지,138.76,803.0,71258.0
20260703,21,제주,138.76,803.0,71258.0
20260703,22,육지,130.07,767.0,68042.0
20260703,22,제주,130.07,767.0,68042.0
20260703,23,육지,110.78,736.0,65625.0
20260703,23,제주,110.78,736.0,65625.0
20260703,24,육지,110.78,695.0,62481.0
20260703,24,제주,110.78,695.0,62481.0
20260704,1,육지,98.88,650.0,58508.0
20260704,1,제주,98.88,650.0,58508.0
20260704,2,육지,96.35,612.0,55970.0
20260704,2,제주,96.35,612.0,55970.0
20260704,3,육지,94.51,585.0,54276.0
20260704,3,제주,94.51,585.0,54276.0
20260704,4,육지,92.81,570.0,53423.0
20260704,4,제주,92.81,570.0,53423.0
20260704,5,육지,91.47,563.0,52652.0
20260704,5,제주,91.47,563.0,52652.0
20260704,6,육지,92.81,570.0,52851.0
20260704,6,제주,92.81,570.0,52851.0
20260704,7,육지,91.47,591.0,53299.0
20260704,7,제주,91.47,591.0,53299.0
20260704,8,육지,90.99,634.0,53684.0
20260704,8,제주,90.99,634.0,53684.0
20260704,9,육지,91.09,652.0,55075.0
20260704,9,제주,91.09,652.0,55075.0
20260704,10,육지,90.99,680.0,56757.0
20260704,10,제주,90.99,680.0,56757.0
20260704,11,육지,104.9,701.0,58097.0
20260704,11,제주,104.9,701.0,58097.0
20260704,12,육지,104.89,686.0,58019.0
20260704,12,제주,104.89,686.0,58019.0
20260704,13,육지,116.28,661.0,57798.0
20260704,13,제주,116.28,661.0,57798.0
20260704,14,육지,119.0,706.0,59629.0
20260704,14,제주,119.0,706.0,59629.0
20260704,15,육지,104.85,690.0,59835.0
20260704,15,제주,104.85,690.0,59835.0
20260704,16,육지,104.87,738.0,60612.0
20260704,16,제주,104.87,738.0,60612.0
20260704,17,육지,104.87,725.0,61595.0
20260704,17,제주,104.87,725.0,61595.0
20260704,18,육지,104.88,774.0,62805.0
20260704,18,제주,104.88,774.0,62805.0
20260704,19,육지,104.9,803.0,64595.0
20260704,19,제주,104.9,803.0,64595.0
20260704,20,육지,104.91,810.0,65105.0
20260704,20,제주,104.91,810.0,65105.0
20260704,21,육지,116.29,801.0,64073.0
20260704,21,제주,116.29,801.0,64073.0
20260704,22,육지,116.29,772.0,61716.0
20260704,22,제주,116.29,772.0,61716.0
20260704,23,육지,116.3,744.0,59799.0
20260704,23,제주,116.3,744.0,59799.0
20260704,24,육지,96.74,706.0,57313.0
20260704,24,제주,96.74,706.0,57313.0
20260705,1,육지,96.29,661.0,54623.0
20260705,1,제주,96.29,661.0,54623.0
20260705,2,육지,91.71,623.0,52188.0
20260705,2,제주,91.71,623.0,52188.0
20260705,3,육지,89.62,596.0,50709.0
20260705,3,제주,89.62,596.0,50709.0
20260705,4,육지,89.62,577.0,49732.0
20260705,4,제주,89.62,577.0,49732.0
20260705,5,육지,89.62,569.0,49523.0
20260705,5,제주,89.62,569.0,49523.0
20260705,6,육지,89.62,575.0,49364.0
20260705,6,제주,89.62,575.0,49364.0
20260705,7,육지,89.62,593.0,49856.0
20260705,7,제주,89.62,593.0,49856.0
20260705,8,육지,89.62,644.0,50663.0
20260705,8,제주,89.62,644.0,50663.0
20260705,9,육지,89.62,673.0,52007.0
20260705,9,제주,89.62,673.0,52007.0
20260705,10,육지,89.62,674.0,54030.0
20260705,10,제주,89.62,674.0,54030.0
20260705,11,육지,91.76,670.0,56363.0
20260705,11,제주,91.76,670.0,56363.0
20260705,12,육지,89.62,668.0,56509.0
20260705,12,제주,89.62,668.0,56509.0
20260705,13,육지,105.33,715.0,56825.0
20260705,13,제주,105.33,715.0,56825.0
20260705,14,육지,105.32,750.0,57854.0
20260705,14,제주,105.32,750.0,57854.0
20260705,15,육지,105.32,756.0,58897.0
20260705,15,제주,105.32,756.0,58897.0
20260705,16,육지,105.33,771.0,61094.0
20260705,16,제주,105.33,771.0,61094.0
20260705,17,육지,105.35,755.0,62655.0
20260705,17,제주,105.35,755.0,62655.0
20260705,18,육지,115.68,778.0,63894.0
20260705,18,제주,115.68,778.0,63894.0
20260705,19,육지,115.71,792.0,64980.0
20260705,19,제주,115.71,792.0,64980.0
20260705,20,육지,125.07,803.0,65150.0
20260705,20,제주,125.07,803.0,65150.0
20260705,21,육지,115.71,796.0,63888.0
20260705,21,제주,115.71,796.0,63888.0
20260705,22,육지,105.38,766.0,61748.0
20260705,22,제주,105.38,766.0,61748.0
20260705,23,육지,104.88,732.0,59111.0
20260705,23,제주,104.88,732.0,59111.0
20260705,24,육지,104.56,690.0,56437.0
20260705,24,제주,104.56,690.0,56437.0
20260706,1,육지,93.83,598.0,54495.0
20260706,1,제주,93.83,598.0,54495.0
20260706,2,육지,92.44,569.0,52459.0
20260706,2,제주,92.44,569.0,52459.0
20260706,3,육지,92.44,547.0,51187.0
20260706,3,제주,92.44,547.0,51187.0
20260706,4,육지,92.44,535.0,50149.0
20260706,4,제주,92.44,535.0,50149.0
20260706,5,육지,92.44,533.0,50827.0
20260706,5,제주,92.44,533.0,50827.0
20260706,6,육지,92.44,544.0,51977.0
20260706,6,제주,92.44,544.0,51977.0
20260706,7,육지,92.44,567.0,56003.0
20260706,7,제주,92.44,567.0,56003.0
20260706,8,육지,104.85,606.0,63112.0
20260706,8,제주,104.85,606.0,63112.0
20260706,9,육지,143.01,651.0,71224.0
20260706,9,제주,143.01,651.0,71224.0
20260706,10,육지,155.11,688.0,75940.0
20260706,10,제주,155.11,688.0,75940.0
20260706,11,육지,154.66,783.0,76728.0
20260706,11,제주,154.66,783.0,76728.0
20260706,12,육지,155.11,780.0,77230.0
20260706,12,제주,155.11,780.0,77230.0
20260706,13,육지,154.18,772.0,73563.0
20260706,13,제주,154.18,772.0,73563.0
20260706,14,육지,155.11,779.0,77797.0
20260706,14,제주,155.11,779.0,77797.0
20260706,15,육지,155.28,788.0,79218.0
20260706,15,제주,155.28,788.0,79218.0
20260706,16,육지,155.11,790.0,78841.0
20260706,16,제주,155.11,790.0,78841.0
20260706,17,육지,155.11,783.0,78971.0
20260706,17,제주,155.11,783.0,78971.0
20260706,18,육지,155.11,801.0,78202.0
20260706,18,제주,155.11,801.0,78202.0
20260706,19,육지,155.11,807.0,77254.0
20260706,19,제주,155.11,807.0,77254.0
20260706,20,육지,155.11,783.0,76173.0
20260706,20,제주,155.11,783.0,76173.0
20260706,21,육지,154.66,770.0,73799.0
20260706,21,제주,154.66,770.0,73799.0
20260706,22,육지,154.66,741.0,70636.0
20260706,22,제주,154.66,741.0,70636.0
20260706,23,육지,130.22,706.0,67116.0
20260706,23,제주,130.22,706.0,67116.0
20260706,24,육지,130.22,670.0,64690.0
20260706,24,제주,130.22,670.0,64690.0
20260707,1,육지,105.91,697.0,61086.0
20260707,1,제주,105.91,697.0,61086.0
20260707,2,육지,92.91,662.0,58602.0
20260707,2,제주,92.91,662.0,58602.0
20260707,3,육지,92.91,632.0,57211.0
20260707,3,제주,92.91,632.0,57211.0
20260707,4,육지,92.91,613.0,56245.0
20260707,4,제주,92.91,613.0,56245.0
20260707,5,육지,92.91,589.0,55963.0
20260707,5,제주,92.91,589.0,55963.0
20260707,6,육지,108.44,600.0,56814.0
20260707,6,제주,108.44,600.0,56814.0
20260707,7,육지,103.63,631.0,60175.0
20260707,7,제주,103.63,631.0,60175.0
20260707,8,육지,116.95,699.0,65409.0
20260707,8,제주,116.95,699.0,65409.0
20260707,9,육지,154.51,746.0,71947.0
20260707,9,제주,154.51,746.0,71947.0
20260707,10,육지,154.52,765.0,75426.0
20260707,10,제주,154.52,765.0,75426.0
20260707,11,육지,154.52,765.0,75695.0
20260707,11,제주,154.52,765.0,75695.0
20260707,12,육지,153.86,752.0,73993.0
20260707,12,제주,153.86,752.0,73993.0
20260707,13,육지,153.2,736.0,71250.0
20260707,13,제주,153.2,736.0,71250.0
20260707,14,육지,155.98,772.0,73993.0
20260707,14,제주,155.98,772.0,73993.0
20260707,15,육지,152.54,773.0,75942.0
20260707,15,제주,152.54,773.0,75942.0
20260707,16,육지,152.31,788.0,76586.0
20260707,16,제주,152.31,788.0,76586.0
20260707,17,육지,156.37,778.0,78680.0
20260707,17,제주,156.37,778.0,78680.0
20260707,18,육지,152.54,817.0,78683.0
20260707,18,제주,152.54,817.0,78683.0
20260707,19,육지,153.2,844.0,78687.0
20260707,19,제주,153.2,844.0,78687.0
20260707,20,육지,153.86,869.0,78411.0
20260707,20,제주,153.86,869.0,78411.0
20260707,21,육지,153.86,858.0,76252.0
20260707,21,제주,153.86,858.0,76252.0
20260707,22,육지,154.52,819.0,72990.0
20260707,22,제주,154.52,819.0,72990.0
20260707,23,육지,150.89,773.0,70391.0
20260707,23,제주,150.89,773.0,70391.0
20260707,24,육지,110.62,733.0,66170.0
20260707,24,제주,110.62,733.0,66170.0
20260708,1,육지,105.59,686.0,60909.0
20260708,1,제주,105.59,686.0,60909.0
20260708,2,육지,92.62,651.0,58699.0
20260708,2,제주,92.62,651.0,58699.0
20260708,3,육지,92.62,622.0,57302.0
20260708,3,제주,92.62,622.0,57302.0
20260708,4,육지,92.62,604.0,56418.0
20260708,4,제주,92.62,604.0,56418.0
20260708,5,육지,92.62,592.0,56277.0
20260708,5,제주,92.62,592.0,56277.0
20260708,6,육지,92.62,603.0,57035.0
20260708,6,제주,92.62,603.0,57035.0
20260708,7,육지,92.62,634.0,59641.0
20260708,7,제주,92.62,634.0,59641.0
20260708,8,육지,104.6,696.0,63507.0
20260708,8,제주,104.6,696.0,63507.0
20260708,9,육지,109.6,743.0,68143.0
20260708,9,제주,109.6,743.0,68143.0
20260708,10,육지,154.05,773.0,70286.0
20260708,10,제주,154.05,773.0,70286.0
20260708,11,육지,153.85,799.0,71048.0
20260708,11,제주,153.85,799.0,71048.0
20260708,12,육지,153.85,799.0,71186.0
20260708,12,제주,153.85,799.0,71186.0
20260708,13,육지,153.85,797.0,70280.0
20260708,13,제주,153.85,797.0,70280.0
20260708,14,육지,153.85,857.0,73754.0
20260708,14,제주,153.85,857.0,73754.0
20260708,15,육지,155.26,864.0,75354.0
20260708,15,제주,155.26,864.0,75354.0
20260708,16,육지,155.26,868.0,76036.0
20260708,16,제주,155.26,868.0,76036.0
20260708,17,육지,155.26,853.0,77462.0
20260708,17,제주,155.26,853.0,77462.0
20260708,18,육지,155.26,870.0,76287.0
20260708,18,제주,155.26,870.0,76287.0
20260708,19,육지,155.26,879.0,75745.0
20260708,19,제주,155.26,879.0,75745.0
20260708,20,육지,155.26,890.0,74783.0
20260708,20,제주,155.26,890.0,74783.0
20260708,21,육지,154.74,877.0,72829.0
20260708,21,제주,154.74,877.0,72829.0
20260708,22,육지,151.81,837.0,70002.0
20260708,22,제주,151.81,837.0,70002.0
20260708,23,육지,149.57,813.0,67825.0
20260708,23,제주,149.57,813.0,67825.0
20260708,24,육지,125.47,770.0,64847.0
20260708,24,제주,125.47,770.0,64847.0
20260709,1,육지,103.43,693.0,61054.0
20260709,1,제주,103.43,693.0,61054.0
20260709,2,육지,103.43,652.0,58597.0
20260709,2,제주,103.43,652.0,58597.0
20260709,3,육지,103.33,624.0,57089.0
20260709,3,제주,103.33,624.0,57089.0
20260709,4,육지,103.44,605.0,56457.0
20260709,4,제주,103.44,605.0,56457.0
20260709,5,육지,102.97,591.0,56159.0
20260709,5,제주,102.97,591.0,56159.0
20260709,6,육지,103.45,602.0,57121.0
20260709,6,제주,103.45,602.0,57121.0
20260709,7,육지,103.45,633.0,60119.0
20260709,7,제주,103.45,633.0,60119.0
20260709,8,육지,116.49,697.0,65335.0
20260709,8,제주,116.49,697.0,65335.0
20260709,9,육지,154.05,751.0,71898.0
20260709,9,제주,154.05,751.0,71898.0
20260709,10,육지,152.67,779.0,75620.0
20260709,10,제주,152.67,779.0,75620.0
20260709,11,육지,152.67,796.0,76236.0
20260709,11,제주,152.67,796.0,76236.0
20260709,12,육지,155.5,784.0,75106.0
20260709,12,제주,155.5,784.0,75106.0
20260709,13,육지,153.62,775.0,71865.0
20260709,13,제주,153.62,775.0,71865.0
20260709,14,육지,157.11,794.0,74383.0
20260709,14,제주,157.11,794.0,74383.0
20260709,15,육지,155.5,801.0,75978.0
20260709,15,제주,155.5,801.0,75978.0
20260709,16,육지,155.5,823.0,77281.0
20260709,16,제주,155.5,823.0,77281.0
20260709,17,육지,152.47,847.0,78509.0
20260709,17,제주,152.47,847.0,78509.0
20260709,18,육지,152.47,879.0,78487.0
20260709,18,제주,152.47,879.0,78487.0
20260709,19,육지,152.67,888.0,77931.0
20260709,19,제주,152.67,888.0,77931.0
20260709,20,육지,152.67,897.0,77461.0
20260709,20,제주,152.67,897.0,77461.0
20260709,21,육지,152.95,879.0,74757.0
20260709,21,제주,152.95,879.0,74757.0
20260709,22,육지,152.95,835.0,71309.0
20260709,22,제주,152.95,835.0,71309.0
20260709,23,육지,150.22,791.0,68572.0
20260709,23,제주,150.22,791.0,68572.0
20260709,24,육지,107.84,739.0,65191.0
20260709,24,제주,107.84,739.0,65191.0
20260710,1,육지,105.97,685.0,61789.0
20260710,1,제주,105.97,685.0,61789.0
20260710,2,육지,92.21,642.0,58841.0
20260710,2,제주,92.21,642.0,58841.0
20260710,3,육지,92.21,614.0,56903.0
20260710,3,제주,92.21,614.0,56903.0
20260710,4,육지,92.21,596.0,55681.0
20260710,4,제주,92.21,596.0,55681.0
20260710,5,육지,92.21,590.0,55363.0
20260710,5,제주,92.21,590.0,55363.0
20260710,6,육지,92.21,602.0,56163.0
20260710,6,제주,92.21,602.0,56163.0
20260710,7,육지,92.21,637.0,59516.0
20260710,7,제주,92.21,637.0,59516.0
20260710,8,육지,110.24,712.0,65500.0
20260710,8,제주,110.24,712.0,65500.0
20260710,9,육지,110.94,773.0,72493.0
20260710,9,제주,110.94,773.0,72493.0
20260710,10,육지,157.49,815.0,76494.0
20260710,10,제주,157.49,815.0,76494.0
20260710,11,육지,156.94,840.0,77623.0
20260710,11,제주,156.94,840.0,77623.0
20260710,12,육지,156.83,842.0,76332.0
20260710,12,제주,156.83,842.0,76332.0
20260710,13,육지,156.17,820.0,73076.0
20260710,13,제주,156.17,820.0,73076.0
20260710,14,육지,157.68,829.0,76833.0
20260710,14,제주,157.68,829.0,76833.0
20260710,15,육지,154.85,838.0,77997.0
20260710,15,제주,154.85,838.0,77997.0
20260710,16,육지,154.85,853.0,78078.0
20260710,16,제주,154.85,853.0,78078.0
20260710,17,육지,154.85,878.0,79365.0
20260710,17,제주,154.85,878.0,79365.0
20260710,18,육지,157.03,889.0,79060.0
20260710,18,제주,157.03,889.0,79060.0
20260710,19,육지,156.17,904.0,78821.0
20260710,19,제주,156.17,904.0,78821.0
20260710,20,육지,156.83,904.0,78908.0
20260710,20,제주,156.83,904.0,78908.0
20260710,21,육지,156.83,879.0,76811.0
20260710,21,제주,156.83,879.0,76811.0
20260710,22,육지,157.49,847.0,73217.0
20260710,22,제주,157.49,847.0,73217.0
20260710,23,육지,153.27,824.0,70114.0
20260710,23,제주,153.27,824.0,70114.0
20260710,24,육지,145.01,770.0,66159.0
20260710,24,제주,145.01,770.0,66159.0
20260711,1,육지,109.16,699.0,62158.0
20260711,1,제주,109.16,699.0,62158.0
20260711,2,육지,104.04,659.0,59263.0
20260711,2,제주,104.04,659.0,59263.0
20260711,3,육지,103.12,630.0,56915.0
20260711,3,제주,103.12,630.0,56915.0
20260711,4,육지,96.2,611.0,56007.0
20260711,4,제주,96.2,611.0,56007.0
20260711,5,육지,94.7,597.0,55271.0
20260711,5,제주,94.7,597.0,55271.0
20260711,6,육지,102.99,605.0,55438.0
20260711,6,제주,102.99,605.0,55438.0
20260711,7,육지,103.45,623.0,55239.0
20260711,7,제주,103.45,623.0,55239.0
20260711,8,육지,104.09,705.0,55638.0
20260711,8,제주,104.09,705.0,55638.0
20260711,9,육지,107.58,719.0,56260.0
20260711,9,제주,107.58,719.0,56260.0
20260711,10,육지,108.56,740.0,57355.0
20260711,10,제주,108.56,740.0,57355.0
20260711,11,육지,156.75,777.0,58887.0
20260711,11,제주,156.75,777.0,58887.0
20260711,12,육지,156.41,771.0,59329.0
20260711,12,제주,156.41,771.0,59329.0
20260711,13,육지,156.2,760.0,58239.0
20260711,13,제주,156.2,760.0,58239.0
20260711,14,육지,156.2,796.0,59215.0
20260711,14,제주,156.2,796.0,59215.0
20260711,15,육지,156.13,787.0,60673.0
20260711,15,제주,156.13,787.0,60673.0
20260711,16,육지,154.76,824.0,62830.0
20260711,16,제주,154.76,824.0,62830.0
20260711,17,육지,154.83,805.0,65712.0
20260711,17,제주,154.83,805.0,65712.0
20260711,18,육지,155.08,864.0,69044.0
20260711,18,제주,155.08,864.0,69044.0
20260711,19,육지,156.4,901.0,71599.0
20260711,19,제주,156.4,901.0,71599.0
20260711,20,육지,157.07,897.0,72587.0
20260711,20,제주,157.07,897.0,72587.0
20260711,21,육지,157.73,886.0,71104.0
20260711,21,제주,157.73,886.0,71104.0
20260711,22,육지,154.16,850.0,68110.0
20260711,22,제주,154.16,850.0,68110.0
20260711,23,육지,111.15,799.0,66121.0
20260711,23,제주,111.15,799.0,66121.0
20260711,24,육지,111.15,759.0,63119.0
20260711,24,제주,111.15,759.0,63119.0
20260712,1,육지,113.37,694.0,58528.0
20260712,1,제주,113.37,694.0,58528.0
20260712,2,육지,98.41,658.0,56180.0
20260712,2,제주,98.41,658.0,56180.0
20260712,3,육지,96.16,630.0,53781.0
20260712,3,제주,96.16,630.0,53781.0
20260712,4,육지,93.79,610.0,52917.0
20260712,4,제주,93.79,610.0,52917.0
20260712,5,육지,92.99,606.0,52115.0
20260712,5,제주,92.99,606.0,52115.0
20260712,6,육지,91.65,609.0,51729.0
20260712,6,제주,91.65,609.0,51729.0
20260712,7,육지,90.3,630.0,52172.0
20260712,7,제주,90.3,630.0,52172.0
20260712,8,육지,103.68,695.0,52283.0
20260712,8,제주,103.68,695.0,52283.0
20260712,9,육지,107.99,718.0,53014.0
20260712,9,제주,107.99,718.0,53014.0
20260712,10,육지,108.42,765.0,53366.0
20260712,10,제주,108.42,765.0,53366.0
20260712,11,육지,138.07,795.0,55562.0
20260712,11,제주,138.07,795.0,55562.0
20260712,12,육지,157.31,799.0,55501.0
20260712,12,제주,157.31,799.0,55501.0
20260712,13,육지,157.24,788.0,56967.0
20260712,13,제주,157.24,788.0,56967.0
20260712,14,육지,157.24,798.0,58274.0
20260712,14,제주,157.24,798.0,58274.0
20260712,15,육지,157.24,815.0,60199.0
20260712,15,제주,157.24,815.0,60199.0
20260712,16,육지,155.86,841.0,62640.0
20260712,16,제주,155.86,841.0,62640.0
20260712,17,육지,155.93,828.0,67640.0
20260712,17,제주,155.93,828.0,67640.0
20260712,18,육지,155.93,874.0,70531.0
20260712,18,제주,155.93,874.0,70531.0
20260712,19,육지,156.28,897.0,73019.0
20260712,19,제주,156.28,897.0,73019.0
20260712,20,육지,156.48,896.0,73310.0
20260712,20,제주,156.48,896.0,73310.0
20260712,21,육지,156.62,886.0,71871.0
20260712,21,제주,156.62,886.0,71871.0
20260712,22,육지,156.62,850.0,69402.0
20260712,22,제주,156.62,850.0,69402.0
20260712,23,육지,113.5,797.0,65658.0
20260712,23,제주,113.5,797.0,65658.0
20260712,24,육지,109.01,751.0,61368.0
20260712,24,제주,109.01,751.0,61368.0
20260713,1,육지,113.7,628.0,56972.0
20260713,1,제주,113.7,628.0,56972.0
20260713,2,육지,90.89,593.0,54595.0
20260713,2,제주,90.89,593.0,54595.0
20260713,3,육지,90.89,569.0,53056.0
20260713,3,제주,90.89,569.0,53056.0
20260713,4,육지,90.89,552.0,52417.0
20260713,4,제주,90.89,552.0,52417.0
20260713,5,육지,90.89,548.0,52771.0
20260713,5,제주,90.89,548.0,52771.0
20260713,6,육지,90.89,563.0,54417.0
20260713,6,제주,90.89,563.0,54417.0
20260713,7,육지,92.12,597.0,58793.0
20260713,7,제주,92.12,597.0,58793.0
20260713,8,육지,109.28,707.0,64891.0
20260713,8,제주,109.28,707.0,64891.0
20260713,9,육지,152.2,786.0,71656.0
20260713,9,제주,152.2,786.0,71656.0
20260713,10,육지,155.57,837.0,74698.0
20260713,10,제주,155.57,837.0,74698.0
20260713,11,육지,154.91,913.0,74924.0
20260713,11,제주,154.91,913.0,74924.0
20260713,12,육지,154.25,914.0,74687.0
20260713,12,제주,154.25,914.0,74687.0
20260713,13,육지,154.25,903.0,71975.0
20260713,13,제주,154.25,903.0,71975.0
20260713,14,육지,153.59,906.0,77058.0
20260713,14,제주,153.59,906.0,77058.0
20260713,15,육지,152.93,916.0,79499.0
20260713,15,제주,152.93,916.0,79499.0
20260713,16,육지,153.59,922.0,80468.0
20260713,16,제주,153.59,922.0,80468.0
20260713,17,육지,154.25,894.0,83266.0
20260713,17,제주,154.25,894.0,83266.0
20260713,18,육지,154.25,932.0,83857.0
20260713,18,제주,154.25,932.0,83857.0
20260713,19,육지,154.91,949.0,84270.0
20260713,19,제주,154.91,949.0,84270.0
20260713,20,육지,155.57,891.0,83181.0
20260713,20,제주,155.57,891.0,83181.0
20260713,21,육지,156.23,872.0,80345.0
20260713,21,제주,156.23,872.0,80345.0
20260713,22,육지,156.89,823.0,76506.0
20260713,22,제주,156.89,823.0,76506.0
20260713,23,육지,150.83,783.0,73392.0
20260713,23,제주,150.83,783.0,73392.0
20260713,24,육지,146.82,731.0,69393.0
20260713,24,제주,146.82,731.0,69393.0
20260714,1,육지,113.45,712.0,65581.0
20260714,1,제주,113.45,712.0,65581.0
20260714,2,육지,103.4,666.0,62834.0
20260714,2,제주,103.4,666.0,62834.0
20260714,3,육지,103.4,636.0,60753.0
20260714,3,제주,103.4,636.0,60753.0
20260714,4,육지,103.41,615.0,59543.0
20260714,4,제주,103.41,615.0,59543.0
20260714,5,육지,103.41,605.0,59702.0
20260714,5,제주,103.41,605.0,59702.0
20260714,6,육지,103.41,619.0,60217.0
20260714,6,제주,103.41,619.0,60217.0
20260714,7,육지,107.64,656.0,63142.0
20260714,7,제주,107.64,656.0,63142.0
20260714,8,육지,109.21,737.0,68651.0
20260714,8,제주,109.21,737.0,68651.0
20260714,9,육지,150.51,815.0,75885.0
20260714,9,제주,150.51,815.0,75885.0
20260714,10,육지,150.37,864.0,80567.0
20260714,10,제주,150.37,864.0,80567.0
20260714,11,육지,150.37,892.0,81057.0
20260714,11,제주,150.37,892.0,81057.0
20260714,12,육지,150.17,890.0,79453.0
20260714,12,제주,150.17,890.0,79453.0
20260714,13,육지,150.17,881.0,76999.0
20260714,13,제주,150.17,881.0,76999.0
20260714,14,육지,150.17,896.0,81338.0
20260714,14,제주,150.17,896.0,81338.0
20260714,15,육지,150.62,895.0,83131.0
20260714,15,제주,150.62,895.0,83131.0
20260714,16,육지,160.15,895.0,84634.0
20260714,16,제주,160.15,895.0,84634.0
20260714,17,육지,160.37,888.0,86509.0
20260714,17,제주,160.37,888.0,86509.0
20260714,18,육지,160.37,917.0,86533.0
20260714,18,제주,160.37,917.0,86533.0
20260714,19,육지,160.37,925.0,86397.0
20260714,19,제주,160.37,925.0,86397.0
20260714,20,육지,157.42,948.0,86024.0
20260714,20,제주,157.42,948.0,86024.0
20260714,21,육지,151.17,927.0,82777.0
20260714,21,제주,151.17,927.0,82777.0
20260714,22,육지,150.99,882.0,78518.0
20260714,22,제주,150.99,882.0,78518.0
20260714,23,육지,150.99,845.0,75265.0
20260714,23,제주,150.99,845.0,75265.0
20260714,24,육지,146.51,787.0,70910.0
20260714,24,제주,146.51,787.0,70910.0
20260715,1,육지,113.36,719.0,65063.0
20260715,1,제주,113.36,719.0,65063.0
20260715,2,육지,103.36,673.0,62568.0
20260715,2,제주,103.36,673.0,62568.0
20260715,3,육지,103.36,643.0,60755.0
20260715,3,제주,103.36,643.0,60755.0
20260715,4,육지,103.37,621.0,59373.0
20260715,4,제주,103.37,621.0,59373.0
20260715,5,육지,103.3,606.0,59005.0
20260715,5,제주,103.3,606.0,59005.0
20260715,6,육지,103.38,621.0,59808.0
20260715,6,제주,103.38,621.0,59808.0
20260715,7,육지,108.0,658.0,62556.0
20260715,7,제주,108.0,658.0,62556.0
20260715,8,육지,113.84,733.0,67806.0
20260715,8,제주,113.84,733.0,67806.0
20260715,9,육지,151.81,797.0,74924.0
20260715,9,제주,151.81,797.0,74924.0
20260715,10,육지,152.85,830.0,78806.0
20260715,10,제주,152.85,830.0,78806.0
20260715,11,육지,152.19,878.0,78645.0
20260715,11,제주,152.19,878.0,78645.0
20260715,12,육지,151.53,859.0,77679.0
20260715,12,제주,151.53,859.0,77679.0
20260715,13,육지,151.33,845.0,74570.0
20260715,13,제주,151.33,845.0,74570.0
20260715,14,육지,151.12,852.0,75843.0
20260715,14,제주,151.12,852.0,75843.0
20260715,15,육지,150.98,871.0,77680.0
20260715,15,제주,150.98,871.0,77680.0
20260715,16,육지,150.98,888.0,77903.0
20260715,16,제주,150.98,888.0,77903.0
20260715,17,육지,150.98,887.0,81155.0
20260715,17,제주,150.98,887.0,81155.0
20260715,18,육지,151.12,930.0,81283.0
20260715,18,제주,151.12,930.0,81283.0
20260715,19,육지,158.16,948.0,81925.0
20260715,19,제주,158.16,948.0,81925.0
20260715,20,육지,158.27,954.0,82601.0
20260715,20,제주,158.27,954.0,82601.0
20260715,21,육지,152.85,934.0,79566.0
20260715,21,제주,152.85,934.0,79566.0
20260715,22,육지,152.85,889.0,75675.0
20260715,22,제주,152.85,889.0,75675.0
20260715,23,육지,153.51,849.0,72990.0
20260715,23,제주,153.51,849.0,72990.0
20260715,24,육지,146.09,791.0,68521.0
20260715,24,제주,146.09,791.0,68521.0
20260716,1,육지,113.45,732.0,62673.0
20260716,1,제주,113.45,732.0,62673.0
20260716,2,육지,103.02,683.0,59623.0
20260716,2,제주,103.02,683.0,59623.0
20260716,3,육지,92.74,653.0,57634.0
20260716,3,제주,92.74,653.0,57634.0
20260716,4,육지,92.74,632.0,56293.0
20260716,4,제주,92.74,632.0,56293.0
20260716,5,육지,92.74,624.0,56123.0
20260716,5,제주,92.74,624.0,56123.0
20260716,6,육지,92.74,634.0,57076.0
20260716,6,제주,92.74,634.0,57076.0
20260716,7,육지,107.94,674.0,60339.0
20260716,7,제주,107.94,674.0,60339.0
20260716,8,육지,109.25,754.0,66592.0
20260716,8,제주,109.25,754.0,66592.0
20260716,9,육지,140.11,823.0,73505.0
20260716,9,제주,140.11,823.0,73505.0
20260716,10,육지,156.94,872.0,77421.0
20260716,10,제주,156.94,872.0,77421.0
20260716,11,육지,156.98,917.0,78486.0
20260716,11,제주,156.98,917.0,78486.0
20260716,12,육지,157.42,906.0,77803.0
20260716,12,제주,157.42,906.0,77803.0
20260716,13,육지,151.91,911.0,74785.0
20260716,13,제주,151.91,911.0,74785.0
20260716,14,육지,156.75,926.0,78007.0
20260716,14,제주,156.75,926.0,78007.0
20260716,15,육지,156.93,911.0,79954.0
20260716,15,제주,156.93,911.0,79954.0
20260716,16,육지,151.77,912.0,81706.0
20260716,16,제주,151.77,912.0,81706.0
20260716,17,육지,159.8,909.0,84018.0
20260716,17,제주,159.8,909.0,84018.0
20260716,18,육지,159.81,948.0,84162.0
20260716,18,제주,159.81,948.0,84162.0
20260716,19,육지,159.82,965.0,83715.0
20260716,19,제주,159.82,965.0,83715.0
20260716,20,육지,159.83,986.0,83571.0
20260716,20,제주,159.83,986.0,83571.0
20260716,21,육지,154.1,964.0,80624.0
20260716,21,제주,154.1,964.0,80624.0
20260716,22,육지,154.76,912.0,76291.0
20260716,22,제주,154.76,912.0,76291.0
20260716,23,육지,154.76,858.0,72277.0
20260716,23,제주,154.76,858.0,72277.0
20260716,24,육지,146.01,799.0,67732.0
20260716,24,제주,146.01,799.0,67732.0
20260717,1,육지,116.8,691.0,64982.0
20260717,1,제주,116.8,691.0,64982.0
20260717,2,육지,107.06,653.0,61847.0
20260717,2,제주,107.06,653.0,61847.0
20260717,3,육지,104.1,627.0,59469.0
20260717,3,제주,104.1,627.0,59469.0
20260717,4,육지,104.1,610.0,57852.0
20260717,4,제주,104.1,610.0,57852.0
20260717,5,육지,104.1,604.0,56992.0
20260717,5,제주,104.1,604.0,56992.0
20260717,6,육지,104.1,616.0,57074.0
20260717,6,제주,104.1,616.0,57074.0
20260717,7,육지,104.11,650.0,58077.0
20260717,7,제주,104.11,650.0,58077.0
20260717,8,육지,108.07,710.0,60272.0
20260717,8,제주,108.07,710.0,60272.0
20260717,9,육지,109.05,791.0,63475.0
20260717,9,제주,109.05,791.0,63475.0
20260717,10,육지,154.59,819.0,67134.0
20260717,10,제주,154.59,819.0,67134.0
20260717,11,육지,154.24,833.0,70159.0
20260717,11,제주,154.24,833.0,70159.0
20260717,12,육지,154.04,838.0,71385.0
20260717,12,제주,154.04,838.0,71385.0
20260717,13,육지,153.9,829.0,71398.0
20260717,13,제주,153.9,829.0,71398.0
20260717,14,육지,153.9,848.0,73611.0
20260717,14,제주,153.9,848.0,73611.0
20260717,15,육지,153.69,853.0,74591.0
20260717,15,제주,153.69,853.0,74591.0
20260717,16,육지,153.69,873.0,75079.0
20260717,16,제주,153.69,873.0,75079.0
20260717,17,육지,153.9,891.0,75693.0
20260717,17,제주,153.9,891.0,75693.0
20260717,18,육지,154.04,918.0,75819.0
20260717,18,제주,154.04,918.0,75819.0
20260717,19,육지,154.38,923.0,76353.0
20260717,19,제주,154.38,923.0,76353.0
20260717,20,육지,154.88,926.0,76186.0
20260717,20,제주,154.88,926.0,76186.0
20260717,21,육지,154.88,905.0,74864.0
20260717,21,제주,154.88,905.0,74864.0
20260717,22,육지,155.22,862.0,71542.0
20260717,22,제주,155.22,862.0,71542.0
20260717,23,육지,152.01,820.0,68218.0
20260717,23,제주,152.01,820.0,68218.0
20260717,24,육지,117.66,766.0,64715.0
20260717,24,제주,117.66,766.0,64715.0
20260718,1,육지,138.26,686.0,61141.0
20260718,1,제주,138.26,686.0,61141.0
20260718,2,육지,103.07,650.0,58388.0
20260718,2,제주,103.07,650.0,58388.0
20260718,3,육지,93.18,626.0,56489.0
20260718,3,제주,93.18,626.0,56489.0
20260718,4,육지,93.05,610.0,55159.0
20260718,4,제주,93.05,610.0,55159.0
20260718,5,육지,93.05,604.0,54684.0
20260718,5,제주,93.05,604.0,54684.0
20260718,6,육지,93.05,615.0,54746.0
20260718,6,제주,93.05,615.0,54746.0
20260718,7,육지,103.97,645.0,55839.0
20260718,7,제주,103.97,645.0,55839.0
20260718,8,육지,104.47,695.0,57478.0
20260718,8,제주,104.47,695.0,57478.0
20260718,9,육지,107.86,762.0,59915.0
20260718,9,제주,107.86,762.0,59915.0
20260718,10,육지,108.59,809.0,63424.0
20260718,10,제주,108.59,809.0,63424.0
20260718,11,육지,156.44,829.0,65988.0
20260718,11,제주,156.44,829.0,65988.0
20260718,12,육지,156.43,837.0,66952.0
20260718,12,제주,156.43,837.0,66952.0
20260718,13,육지,156.44,834.0,66861.0
20260718,13,제주,156.44,834.0,66861.0
20260718,14,육지,156.47,856.0,68347.0
20260718,14,제주,156.47,856.0,68347.0
20260718,15,육지,155.78,857.0,69906.0
20260718,15,제주,155.78,857.0,69906.0
20260718,16,육지,155.78,859.0,70902.0
20260718,16,제주,155.78,859.0,70902.0
20260718,17,육지,155.78,864.0,71697.0
20260718,17,제주,155.78,864.0,71697.0
20260718,18,육지,156.42,894.0,72326.0
20260718,18,제주,156.42,894.0,72326.0
20260718,19,육지,156.42,902.0,72587.0
20260718,19,제주,156.42,902.0,72587.0
20260718,20,육지,156.43,908.0,72579.0
20260718,20,제주,156.43,908.0,72579.0
20260718,21,육지,156.05,889.0,71419.0
20260718,21,제주,156.05,889.0,71419.0
20260718,22,육지,155.17,847.0,68576.0
20260718,22,제주,155.17,847.0,68576.0
20260718,23,육지,127.36,808.0,66115.0
20260718,23,제주,127.36,808.0,66115.0
20260718,24,육지,110.17,757.0,63185.0
20260718,24,제주,110.17,757.0,63185.0
20260719,1,육지,96.18,684.0,57461.0
20260719,1,제주,96.18,684.0,57461.0
20260719,2,육지,95.11,649.0,55096.0
20260719,2,제주,95.11,649.0,55096.0
20260719,3,육지,91.58,625.0,53027.0
20260719,3,제주,91.58,625.0,53027.0
20260719,4,육지,91.58,610.0,51678.0
20260719,4,제주,91.58,610.0,51678.0
20260719,5,육지,91.58,604.0,51713.0
20260719,5,제주,91.58,604.0,51713.0
20260719,6,육지,91.58,615.0,51874.0
20260719,6,제주,91.58,615.0,51874.0
20260719,7,육지,91.58,642.0,51535.0
20260719,7,제주,91.58,642.0,51535.0
20260719,8,육지,90.43,686.0,53465.0
20260719,8,제주,90.43,686.0,53465.0
20260719,9,육지,90.43,744.0,54913.0
20260719,9,제주,90.43,744.0,54913.0
20260719,10,육지,104.96,772.0,57395.0
20260719,10,제주,104.96,772.0,57395.0
20260719,11,육지,109.52,775.0,59258.0
20260719,11,제주,109.52,775.0,59258.0
20260719,12,육지,143.38,774.0,59522.0
20260719,12,제주,143.38,774.0,59522.0
20260719,13,육지,109.51,762.0,59401.0
20260719,13,제주,109.51,762.0,59401.0
20260719,14,육지,109.51,782.0,60006.0
20260719,14,제주,109.51,782.0,60006.0
20260719,15,육지,109.12,792.0,60390.0
20260719,15,제주,109.12,792.0,60390.0
20260719,16,육지,109.26,813.0,61194.0
20260719,16,제주,109.26,813.0,61194.0
20260719,17,육지,108.99,838.0,62544.0
20260719,17,제주,108.99,838.0,62544.0
20260719,18,육지,115.68,876.0,64762.0
20260719,18,제주,115.68,876.0,64762.0
20260719,19,육지,115.71,892.0,65789.0
20260719,19,제주,115.71,892.0,65789.0
20260719,20,육지,155.63,899.0,66819.0
20260719,20,제주,155.63,899.0,66819.0
20260719,21,육지,155.63,881.0,66117.0
20260719,21,제주,155.63,881.0,66117.0
20260719,22,육지,155.63,841.0,63839.0
20260719,22,제주,155.63,841.0,63839.0
20260719,23,육지,109.16,802.0,61163.0
20260719,23,제주,109.16,802.0,61163.0
20260719,24,육지,104.57,753.0,58058.0
20260719,24,제주,104.57,753.0,58058.0
20260720,1,육지,94.22,704.0,56309.0
20260720,1,제주,94.22,704.0,56309.0
20260720,2,육지,92.74,660.0,54437.0
20260720,2,제주,92.74,660.0,54437.0
20260720,3,육지,92.74,630.0,52911.0
20260720,3,제주,92.74,630.0,52911.0
20260720,4,육지,92.74,611.0,51614.0
20260720,4,제주,92.74,611.0,51614.0
20260720,5,육지,92.74,604.0,52305.0
20260720,5,제주,92.74,604.0,52305.0
20260720,6,육지,92.74,618.0,53630.0
20260720,6,제주,92.74,618.0,53630.0
20260720,7,육지,92.74,655.0,57422.0
20260720,7,제주,92.74,655.0,57422.0
20260720,8,육지,109.26,716.0,64462.0
20260720,8,제주,109.26,716.0,64462.0
20260720,9,육지,153.74,797.0,72945.0
20260720,9,제주,153.74,797.0,72945.0
20260720,10,육지,156.53,848.0,77728.0
20260720,10,제주,156.53,848.0,77728.0
20260720,11,육지,156.53,864.0,79031.0
20260720,11,제주,156.53,864.0,79031.0
20260720,12,육지,154.88,871.0,78938.0
20260720,12,제주,154.88,871.0,78938.0
20260720,13,육지,154.88,860.0,76253.0
20260720,13,제주,154.88,860.0,76253.0
20260720,14,육지,154.88,883.0,78936.0
20260720,14,제주,154.88,883.0,78936.0
20260720,15,육지,159.88,888.0,80171.0
20260720,15,제주,159.88,888.0,80171.0
20260720,16,육지,158.55,913.0,80186.0
20260720,16,제주,158.55,913.0,80186.0
20260720,17,육지,158.95,936.0,81222.0
20260720,17,제주,158.95,936.0,81222.0
20260720,18,육지,158.95,966.0,81082.0
20260720,18,제주,158.95,966.0,81082.0
20260720,19,육지,156.53,970.0,80739.0
20260720,19,제주,156.53,970.0,80739.0
20260720,20,육지,158.72,975.0,79691.0
20260720,20,제주,158.72,975.0,79691.0
20260720,21,육지,156.53,951.0,77478.0
20260720,21,제주,156.53,951.0,77478.0
20260720,22,육지,156.53,901.0,73568.0
20260720,22,제주,156.53,901.0,73568.0
20260720,23,육지,149.47,852.0,70496.0
20260720,23,제주,149.47,852.0,70496.0
20260720,24,육지,134.1,790.0,66649.0
20260720,24,제주,134.1,790.0,66649.0
20260721,1,육지,114.32,707.0,64196.0
20260721,1,제주,114.32,707.0,64196.0
20260721,2,육지,114.41,661.0,61426.0
20260721,2,제주,114.41,661.0,61426.0
20260721,3,육지,103.23,631.0,59594.0
20260721,3,제주,103.23,631.0,59594.0
20260721,4,육지,103.34,611.0,58284.0
20260721,4,제주,103.34,611.0,58284.0
20260721,5,육지,103.21,604.0,58149.0
20260721,5,제주,103.21,604.0,58149.0
20260721,6,육지,103.36,618.0,59066.0
20260721,6,제주,103.36,618.0,59066.0
20260721,7,육지,107.46,653.0,62587.0
20260721,7,제주,107.46,653.0,62587.0
20260721,8,육지,109.13,708.0,68000.0
20260721,8,제주,109.13,708.0,68000.0
20260721,9,육지,153.64,784.0,73996.0
20260721,9,제주,153.64,784.0,73996.0
20260721,10,육지,153.64,835.0,76926.0
20260721,10,제주,153.64,835.0,76926.0
20260721,11,육지,153.64,867.0,77110.0
20260721,11,제주,153.64,867.0,77110.0
20260721,12,육지,153.64,880.0,76309.0
20260721,12,제주,153.64,880.0,76309.0
20260721,13,육지,152.98,870.0,74253.0
20260721,13,제주,152.98,870.0,74253.0
20260721,14,육지,152.98,902.0,78911.0
20260721,14,제주,152.98,902.0,78911.0
20260721,15,육지,160.34,901.0,81377.0
20260721,15,제주,160.34,901.0,81377.0
20260721,16,육지,152.98,911.0,82862.0
20260721,16,제주,152.98,911.0,82862.0
20260721,17,육지,160.34,933.0,85005.0
20260721,17,제주,160.34,933.0,85005.0
20260721,18,육지,152.98,974.0,84375.0
20260721,18,제주,152.98,974.0,84375.0
20260721,19,육지,160.34,980.0,83665.0
20260721,19,제주,160.34,980.0,83665.0
20260721,20,육지,156.72,985.0,82502.0
20260721,20,제주,156.72,985.0,82502.0
20260721,21,육지,153.64,961.0,79545.0
20260721,21,제주,153.64,961.0,79545.0
20260721,22,육지,154.3,909.0,75750.0
20260721,22,제주,154.3,909.0,75750.0
20260721,23,육지,154.3,859.0,72067.0
20260721,23,제주,154.3,859.0,72067.0
20260721,24,육지,137.33,795.0,67818.0
20260721,24,제주,137.33,795.0,67818.0
20260722,1,육지,106.88,771.0,62477.0
20260722,1,제주,106.88,771.0,62477.0
20260722,2,육지,106.93,720.0,59794.0
20260722,2,제주,106.93,720.0,59794.0
20260722,3,육지,93.29,685.0,57759.0
20260722,3,제주,93.29,685.0,57759.0
20260722,4,육지,93.29,661.0,57247.0
20260722,4,제주,93.29,661.0,57247.0
20260722,5,육지,93.29,647.0,56955.0
20260722,5,제주,93.29,647.0,56955.0
20260722,6,육지,93.29,658.0,57879.0
20260722,6,제주,93.29,658.0,57879.0
20260722,7,육지,108.1,697.0,61338.0
20260722,7,제주,108.1,697.0,61338.0
20260722,8,육지,108.29,795.0,66638.0
20260722,8,제주,108.29,795.0,66638.0
20260722,9,육지,153.41,864.0,72790.0
20260722,9,제주,153.41,864.0,72790.0
20260722,10,육지,154.31,912.0,76220.0
20260722,10,제주,154.31,912.0,76220.0
20260722,11,육지,153.98,921.0,76692.0
20260722,11,제주,153.98,921.0,76692.0
20260722,12,육지,153.98,915.0,76216.0
20260722,12,제주,153.98,915.0,76216.0
20260722,13,육지,153.32,914.0,75150.0
20260722,13,제주,153.32,914.0,75150.0
20260722,14,육지,152.83,948.0,79729.0
20260722,14,제주,152.83,948.0,79729.0
20260722,15,육지,152.83,957.0,82736.0
20260722,15,제주,152.83,957.0,82736.0
20260722,16,육지,165.43,979.0,85391.0
20260722,16,제주,165.43,979.0,85391.0
20260722,17,육지,165.72,957.0,86764.0
20260722,17,제주,165.72,957.0,86764.0
20260722,18,육지,153.32,993.0,85368.0
20260722,18,제주,153.32,993.0,85368.0
20260722,19,육지,154.12,1005.0,84474.0
20260722,19,제주,154.12,1005.0,84474.0
20260722,20,육지,154.31,1010.0,83951.0
20260722,20,제주,154.31,1010.0,83951.0
20260722,21,육지,154.31,981.0,80709.0
20260722,21,제주,154.31,981.0,80709.0
20260722,22,육지,154.97,928.0,76935.0
20260722,22,제주,154.97,928.0,76935.0
20260722,23,육지,154.97,883.0,72884.0
20260722,23,제주,154.97,883.0,72884.0
20260722,24,육지,145.19,823.0,69167.0
20260722,24,제주,145.19,823.0,69167.0
20260723,1,육지,107.25,770.0,63950.0
20260723,1,제주,107.25,770.0,63950.0
20260723,2,육지,93.5,721.0,61025.0
20260723,2,제주,93.5,721.0,61025.0
20260723,3,육지,93.5,687.0,59133.0
20260723,3,제주,93.5,687.0,59133.0
20260723,4,육지,93.5,664.0,57970.0
20260723,4,제주,93.5,664.0,57970.0
20260723,5,육지,93.5,655.0,58470.0
20260723,5,제주,93.5,655.0,58470.0
20260723,6,육지,93.5,665.0,59314.0
20260723,6,제주,93.5,665.0,59314.0
20260723,7,육지,93.5,705.0,62545.0
20260723,7,제주,93.5,705.0,62545.0
20260723,8,육지,109.26,800.0,67765.0
20260723,8,제주,109.26,800.0,67765.0
20260723,9,육지,149.61,873.0,73724.0
20260723,9,제주,149.61,873.0,73724.0
20260723,10,육지,154.29,923.0,76977.0
20260723,10,제주,154.29,923.0,76977.0
20260723,11,육지,154.29,944.0,78574.0
20260723,11,제주,154.29,944.0,78574.0
20260723,12,육지,154.29,946.0,78075.0
20260723,12,제주,154.29,946.0,78075.0
20260723,13,육지,154.29,937.0,75941.0
20260723,13,제주,154.29,937.0,75941.0
20260723,14,육지,154.29,951.0,79714.0
20260723,14,제주,154.29,951.0,79714.0
20260723,15,육지,154.29,960.0,81682.0
20260723,15,제주,154.29,960.0,81682.0
20260723,16,육지,154.29,980.0,82473.0
20260723,16,제주,154.29,980.0,82473.0
20260723,17,육지,163.03,995.0,83576.0
20260723,17,제주,163.03,995.0,83576.0
20260723,18,육지,163.04,1005.0,82454.0
20260723,18,제주,163.04,1005.0,82454.0
20260723,19,육지,162.97,1010.0,81971.0
20260723,19,제주,162.97,1010.0,81971.0
20260723,20,육지,154.62,1004.0,81436.0
20260723,20,제주,154.62,1004.0,81436.0
20260723,21,육지,155.28,983.0,78296.0
20260723,21,제주,155.28,983.0,78296.0
20260723,22,육지,155.28,934.0,74835.0
20260723,22,제주,155.28,934.0,74835.0
20260723,23,육지,149.61,887.0,71279.0
20260723,23,제주,149.61,887.0,71279.0
20260723,24,육지,112.75,827.0,67807.0
20260723,24,제주,112.75,827.0,67807.0
20260724,1,육지,107.66,768.0,63437.0
20260724,1,제주,107.66,768.0,63437.0
20260724,2,육지,97.72,717.0,60773.0
20260724,2,제주,97.72,717.0,60773.0
20260724,3,육지,96.64,680.0,59123.0
20260724,3,제주,96.64,680.0,59123.0
20260724,4,육지,96.7,656.0,57848.0
20260724,4,제주,96.7,656.0,57848.0
20260724,5,육지,93.06,648.0,57701.0
20260724,5,제주,93.06,648.0,57701.0
20260724,6,육지,96.67,659.0,58735.0
20260724,6,제주,96.67,659.0,58735.0
20260724,7,육지,97.16,697.0,62102.0
20260724,7,제주,97.16,697.0,62102.0
20260724,8,육지,146.73,785.0,67170.0
20260724,8,제주,146.73,785.0,67170.0
20260724,9,육지,156.31,863.0,72732.0
20260724,9,제주,156.31,863.0,72732.0
20260724,10,육지,155.98,919.0,75112.0
20260724,10,제주,155.98,919.0,75112.0
20260724,11,육지,155.98,914.0,74749.0
20260724,11,제주,155.98,914.0,74749.0
20260724,12,육지,155.32,915.0,73618.0
20260724,12,제주,155.32,915.0,73618.0
20260724,13,육지,152.97,919.0,70999.0
20260724,13,제주,152.97,919.0,70999.0
20260724,14,육지,154.66,952.0,75387.0
20260724,14,제주,154.66,952.0,75387.0
20260724,15,육지,154.66,960.0,77579.0
20260724,15,제주,154.66,960.0,77579.0
20260724,16,육지,154.66,980.0,79573.0
20260724,16,제주,154.66,980.0,79573.0
20260724,17,육지,155.32,990.0,82900.0
20260724,17,제주,155.32,990.0,82900.0
20260724,18,육지,155.32,1010.0,83890.0
20260724,18,제주,155.32,1010.0,83890.0
20260724,19,육지,163.76,1003.0,83893.0
20260724,19,제주,163.76,1003.0,83893.0
20260724,20,육지,163.77,1004.0,83573.0
20260724,20,제주,163.77,1004.0,83573.0
20260724,21,육지,156.31,977.0,80572.0
20260724,21,제주,156.31,977.0,80572.0
20260724,22,육지,153.45,929.0,76747.0
20260724,22,제주,153.45,929.0,76747.0
20260724,23,육지,151.21,893.0,73124.0
20260724,23,제주,151.21,893.0,73124.0
20260724,24,육지,111.29,829.0,68846.0
20260724,24,제주,111.29,829.0,68846.0
20260725,1,육지,107.5,772.0,62639.0
20260725,1,제주,107.5,772.0,62639.0
20260725,2,육지,107.2,722.0,59818.0
20260725,2,제주,107.2,722.0,59818.0
20260725,3,육지,96.32,687.0,58111.0
20260725,3,제주,96.32,687.0,58111.0
20260725,4,육지,94.71,665.0,56474.0
20260725,4,제주,94.71,665.0,56474.0
20260725,5,육지,95.39,652.0,56189.0
20260725,5,제주,95.39,652.0,56189.0
20260725,6,육지,94.0,662.0,55898.0
20260725,6,제주,94.0,662.0,55898.0
20260725,7,육지,108.66,685.0,56956.0
20260725,7,제주,108.66,685.0,56956.0
20260725,8,육지,104.5,753.0,57549.0
20260725,8,제주,104.5,753.0,57549.0
20260725,9,육지,109.4,777.0,58532.0
20260725,9,제주,109.4,777.0,58532.0
20260725,10,육지,147.37,810.0,60002.0
20260725,10,제주,147.37,810.0,60002.0
20260725,11,육지,116.75,823.0,61457.0
20260725,11,제주,116.75,823.0,61457.0
20260725,12,육지,138.09,832.0,61278.0
20260725,12,제주,138.09,832.0,61278.0
20260725,13,육지,138.09,828.0,60854.0
20260725,13,제주,138.09,828.0,60854.0
20260725,14,육지,155.72,861.0,61370.0
20260725,14,제주,155.72,861.0,61370.0
20260725,15,육지,155.72,862.0,63950.0
20260725,15,제주,155.72,862.0,63950.0
20260725,16,육지,155.72,895.0,65650.0
20260725,16,제주,155.72,895.0,65650.0
20260725,17,육지,147.37,888.0,67725.0
20260725,17,제주,147.37,888.0,67725.0
20260725,18,육지,150.89,943.0,71565.0
20260725,18,제주,150.89,943.0,71565.0
20260725,19,육지,161.08,973.0,73796.0
20260725,19,제주,161.08,973.0,73796.0
20260725,20,육지,160.98,965.0,74191.0
20260725,20,제주,160.98,965.0,74191.0
20260725,21,육지,160.93,953.0,72762.0
20260725,21,제주,160.93,953.0,72762.0
20260725,22,육지,147.38,912.0,69133.0
20260725,22,제주,147.38,912.0,69133.0
20260725,23,육지,142.34,884.0,66890.0
20260725,23,제주,142.34,884.0,66890.0
20260725,24,육지,111.45,830.0,63066.0
20260725,24,제주,111.45,830.0,63066.0
20260726,1,육지,104.85,755.0,60773.0
20260726,1,제주,104.85,755.0,60773.0
20260726,2,육지,104.04,707.0,57873.0
20260726,2,제주,104.04,707.0,57873.0
20260726,3,육지,95.62,674.0,56199.0
20260726,3,제주,95.62,674.0,56199.0
20260726,4,육지,92.01,651.0,54447.0
20260726,4,제주,92.01,651.0,54447.0
20260726,5,육지,91.66,646.0,54276.0
20260726,5,제주,91.66,646.0,54276.0
20260726,6,육지,90.66,653.0,54029.0
20260726,6,제주,90.66,653.0,54029.0
20260726,7,육지,103.64,674.0,54565.0
20260726,7,제주,103.64,674.0,54565.0
20260726,8,육지,104.34,723.0,55334.0
20260726,8,제주,104.34,723.0,55334.0
20260726,9,육지,104.61,756.0,56103.0
20260726,9,제주,104.61,756.0,56103.0
20260726,10,육지,109.48,808.0,57935.0
20260726,10,제주,109.48,808.0,57935.0
20260726,11,육지,157.02,793.0,58406.0
20260726,11,제주,157.02,793.0,58406.0
20260726,12,육지,156.88,796.0,58831.0
20260726,12,제주,156.88,796.0,58831.0
20260726,13,육지,156.88,824.0,59269.0
20260726,13,제주,156.88,824.0,59269.0
20260726,14,육지,157.56,899.0,60212.0
20260726,14,제주,157.56,899.0,60212.0
20260726,15,육지,157.56,913.0,61553.0
20260726,15,제주,157.56,913.0,61553.0
20260726,16,육지,157.56,919.0,63220.0
20260726,16,제주,157.56,919.0,63220.0
20260726,17,육지,158.23,949.0,66241.0
20260726,17,제주,158.23,949.0,66241.0
20260726,18,육지,155.25,984.0,69376.0
20260726,18,제주,155.25,984.0,69376.0
20260726,19,육지,159.55,1004.0,72555.0
20260726,19,제주,159.55,1004.0,72555.0
20260726,20,육지,159.88,997.0,73242.0
20260726,20,제주,159.88,997.0,73242.0
20260726,21,육지,153.01,980.0,72632.0
20260726,21,제주,153.01,980.0,72632.0
20260726,22,육지,150.86,935.0,69415.0
20260726,22,제주,150.86,935.0,69415.0
20260726,23,육지,111.77,882.0,66121.0
20260726,23,제주,111.77,882.0,66121.0
20260726,24,육지,111.77,826.0,61965.0
20260726,24,제주,111.77,826.0,61965.0
20260727,1,육지,109.64,678.0,58680.0
20260727,1,제주,109.64,678.0,58680.0
20260727,2,육지,90.26,637.0,55942.0
20260727,2,제주,90.26,637.0,55942.0
20260727,3,육지,90.26,607.0,54186.0
20260727,3,제주,90.26,607.0,54186.0
20260727,4,육지,90.26,587.0,53510.0
20260727,4,제주,90.26,587.0,53510.0
20260727,5,육지,90.26,585.0,53632.0
20260727,5,제주,90.26,585.0,53632.0
20260727,6,육지,90.26,598.0,55524.0
20260727,6,제주,90.26,598.0,55524.0
20260727,7,육지,103.2,636.0,58938.0
20260727,7,제주,103.2,636.0,58938.0
20260727,8,육지,147.09,728.0,65272.0
20260727,8,제주,147.09,728.0,65272.0
20260727,9,육지,149.33,807.0,72970.0
20260727,9,제주,149.33,807.0,72970.0
20260727,10,육지,155.58,860.0,77363.0
20260727,10,제주,155.58,860.0,77363.0
20260727,11,육지,154.92,930.0,78816.0
20260727,11,제주,154.92,930.0,78816.0
20260727,12,육지,154.26,928.0,78226.0
20260727,12,제주,154.26,928.0,78226.0
20260727,13,육지,152.99,947.0,76624.0
20260727,13,제주,152.99,947.0,76624.0
20260727,14,육지,154.26,927.0,80063.0
20260727,14,제주,154.26,927.0,80063.0
20260727,15,육지,153.6,935.0,81371.0
20260727,15,제주,153.6,935.0,81371.0
20260727,16,육지,154.26,940.0,83723.0
20260727,16,제주,154.26,940.0,83723.0
20260727,17,육지,164.4,956.0,86010.0
20260727,17,제주,164.4,956.0,86010.0
20260727,18,육지,164.4,972.0,85942.0
20260727,18,제주,164.4,972.0,85942.0
20260727,19,육지,155.58,974.0,85137.0
20260727,19,제주,155.58,974.0,85137.0
20260727,20,육지,155.91,886.0,84578.0
20260727,20,제주,155.91,886.0,84578.0
20260727,21,육지,155.91,860.0,81414.0
20260727,21,제주,155.91,860.0,81414.0
20260727,22,육지,156.57,815.0,76775.0
20260727,22,제주,156.57,815.0,76775.0
20260727,23,육지,153.6,801.0,73251.0
20260727,23,제주,153.6,801.0,73251.0
20260727,24,육지,139.27,742.0,68978.0
20260727,24,제주,139.27,742.0,68978.0
20260728,1,육지,110.52,766.0,66139.0
20260728,1,제주,110.52,766.0,66139.0
20260728,2,육지,103.41,712.0,63082.0
20260728,2,제주,103.41,712.0,63082.0
20260728,3,육지,103.41,675.0,61255.0
20260728,3,제주,103.41,675.0,61255.0
20260728,4,육지,103.29,650.0,60037.0
20260728,4,제주,103.29,650.0,60037.0
20260728,5,육지,103.33,642.0,59774.0
20260728,5,제주,103.33,642.0,59774.0
20260728,6,육지,103.25,656.0,60524.0
20260728,6,제주,103.25,656.0,60524.0
20260728,7,육지,103.42,694.0,63914.0
20260728,7,제주,103.42,694.0,63914.0
20260728,8,육지,113.79,771.0,69645.0
20260728,8,제주,113.79,771.0,69645.0
20260728,9,육지,143.1,851.0,75460.0
20260728,9,제주,143.1,851.0,75460.0
20260728,10,육지,153.76,908.0,78778.0
20260728,10,제주,153.76,908.0,78778.0
20260728,11,육지,163.25,929.0,79291.0
20260728,11,제주,163.25,929.0,79291.0
20260728,12,육지,153.1,941.0,78853.0
20260728,12,제주,153.1,941.0,78853.0
20260728,13,육지,147.39,941.0,76943.0
20260728,13,제주,147.39,941.0,76943.0
20260728,14,육지,151.12,951.0,80732.0
20260728,14,제주,151.12,951.0,80732.0
20260728,15,육지,151.12,975.0,82686.0
20260728,15,제주,151.12,975.0,82686.0
20260728,16,육지,151.12,997.0,83811.0
20260728,16,제주,151.12,997.0,83811.0
20260728,17,육지,162.49,1016.0,87454.0
20260728,17,제주,162.49,1016.0,87454.0
20260728,18,육지,163.03,1046.0,88562.0
20260728,18,제주,163.03,1046.0,88562.0
20260728,19,육지,162.93,1049.0,89160.0
20260728,19,제주,162.93,1049.0,89160.0
20260728,20,육지,165.31,1046.0,88450.0
20260728,20,제주,165.31,1046.0,88450.0
20260728,21,육지,154.42,1014.0,85297.0
20260728,21,제주,154.42,1014.0,85297.0
20260728,22,육지,154.75,960.0,81024.0
20260728,22,제주,154.75,960.0,81024.0
20260728,23,육지,154.75,915.0,76854.0
20260728,23,제주,154.75,915.0,76854.0
20260728,24,육지,142.87,846.0,72056.0
20260728,24,제주,142.87,846.0,72056.0
20260729,1,육지,130.86,771.0,65044.0
20260729,1,제주,130.86,771.0,65044.0
20260729,2,육지,94.02,716.0,62068.0
20260729,2,제주,94.02,716.0,62068.0
20260729,3,육지,93.31,680.0,59981.0
20260729,3,제주,93.31,680.0,59981.0
20260729,4,육지,93.31,654.0,58692.0
20260729,4,제주,93.31,654.0,58692.0
20260729,5,육지,93.31,640.0,58310.0
20260729,5,제주,93.31,640.0,58310.0
20260729,6,육지,93.31,654.0,59268.0
20260729,6,제주,93.31,654.0,59268.0
20260729,7,육지,107.96,693.0,62880.0
20260729,7,제주,107.96,693.0,62880.0
20260729,8,육지,114.29,771.0,68357.0
20260729,8,제주,114.29,771.0,68357.0
20260729,9,육지,156.13,850.0,74718.0
20260729,9,제주,156.13,850.0,74718.0
20260729,10,육지,155.47,908.0,77724.0
20260729,10,제주,155.47,908.0,77724.0
20260729,11,육지,154.81,929.0,78519.0
20260729,11,제주,154.81,929.0,78519.0
20260729,12,육지,154.15,944.0,77554.0
20260729,12,제주,154.15,944.0,77554.0
20260729,13,육지,152.83,948.0,75152.0
20260729,13,제주,152.83,948.0,75152.0
20260729,14,육지,152.83,957.0,79037.0
20260729,14,제주,152.83,957.0,79037.0
20260729,15,육지,152.83,966.0,81294.0
20260729,15,제주,152.83,966.0,81294.0
20260729,16,육지,153.49,982.0,82661.0
20260729,16,제주,153.49,982.0,82661.0
20260729,17,육지,153.49,990.0,86270.0
20260729,17,제주,153.49,990.0,86270.0
20260729,18,육지,154.15,1029.0,87216.0
20260729,18,제주,154.15,1029.0,87216.0
20260729,19,육지,155.47,1035.0,88112.0
20260729,19,제주,155.47,1035.0,88112.0
20260729,20,육지,166.25,1040.0,87120.0
20260729,20,제주,166.25,1040.0,87120.0
20260729,21,육지,156.13,1010.0,83769.0
20260729,21,제주,156.13,1010.0,83769.0
20260729,22,육지,156.46,956.0,79465.0
20260729,22,제주,156.46,956.0,79465.0
20260729,23,육지,156.46,896.0,75391.0
20260729,23,제주,156.46,896.0,75391.0
20260729,24,육지,143.23,828.0,70913.0
20260729,24,제주,143.23,828.0,70913.0
